order_item_id,order_id,product_id,quantity,unit_price,discount_pct
1,1,65,1,10926.0,0.0
2,1,46,4,26377.33,0.05
3,1,16,5,83163.25,0.0
4,2,44,5,9251.21,0.15
5,2,31,2,2127.01,0.05
6,2,75,3,2753.32,0.05
7,2,73,5,9526.79,0.0
8,3,67,5,48132.16,0.15
9,3,32,2,4184.77,0.05
10,3,14,4,7521.16,0.0
11,3,42,2,10500.79,0.1
12,4,11,2,38638.31,0.1
13,4,12,2,11169.67,0.1
14,4,8,1,1138.19,0.05
15,4,55,5,5245.76,0.1
16,5,72,4,34598.83,0.1
17,5,67,4,48132.16,0.1
18,5,51,4,21729.72,0.0
19,5,34,2,12210.05,0.15
20,5,75,2,2753.32,0.1
21,6,17,2,3232.18,0.1
22,6,66,4,10173.79,0.0
23,6,68,2,16395.12,0.15
24,6,16,3,83163.25,
25,7,53,3,10550.89,0.0
26,7,15,5,8435.07,0.0
27,7,16,1,83163.25,0.05
28,7,48,3,7491.22,0.05
29,7,74,3,2937.83,0.05
30,8,4,1,21493.75,0.05
31,8,19,3,14064.73,0.0
32,8,76,2,4154.57,0.1
33,8,54,1,7273.55,0.0
34,9,45,5,7026.99,0.05
35,9,9,5,24443.59,0.1
36,9,6,3,4331.85,0.1
37,9,54,4,7273.55,0.15
38,9,62,2,4112.86,0.0
39,10,59,5,6537.92,0.15
40,10,58,4,7540.1,0.1
41,10,20,2,2795.36,0.1
42,10,42,3,10500.79,0.15
43,10,12,1,11169.67,0.1
44,11,12,5,11169.67,0.05
45,11,22,5,14987.28,0.0
46,11,4,5,21493.75,0.0
47,12,80,5,14416.0,0.0
48,12,70,5,4690.27,0.15
49,13,61,1,17645.56,0.0
50,13,65,5,10926.0,0.0
51,14,36,2,1623.44,0.0
52,15,57,4,2460.95,0.15
53,15,11,1,38638.31,0.1
54,15,69,1,5262.92,0.05
55,15,78,4,6812.98,0.0
56,15,42,4,10500.79,0.0
57,16,41,1,15894.59,0.15
58,16,49,2,10412.49,0.05
59,16,33,2,8606.33,0.0
60,16,12,3,11169.67,0.0
61,16,15,2,8435.07,0.05
62,17,22,2,14987.28,0.0
63,17,8,1,1138.19,0.05
64,17,79,4,20027.21,0.0
65,17,42,3,10500.79,0.0
66,18,42,1,10500.79,0.0
67,18,34,2,12210.05,0.15
68,18,49,5,10412.49,0.0
69,18,16,4,83163.25,0.15
70,19,50,4,10649.28,
71,19,15,4,8435.07,0.0
72,19,35,4,97382.34,0.0
73,19,8,4,1138.19,0.0
74,19,41,1,15894.59,0.05
75,20,76,3,4154.57,0.15
76,20,13,4,2378.53,0.1
77,20,32,1,4184.77,0.15
78,20,72,2,34598.83,0.0
79,20,17,3,3232.18,0.15
80,21,32,4,4184.77,0.15
81,21,69,4,5262.92,0.0
82,22,60,5,1661.3,0.05
83,23,1,4,2607.87,0.05
84,23,8,5,1138.19,0.05
85,24,45,3,7026.99,0.0
86,24,28,2,26363.69,0.15
87,24,75,5,2753.32,0.0
88,24,66,3,10173.79,0.0
89,25,16,4,83163.25,0.0
90,25,18,5,7134.98,0.15
91,25,72,3,34598.83,0.05
92,25,36,3,1623.44,0.1
93,26,32,2,4184.77,0.1
94,26,42,5,10500.79,0.05
95,26,44,1,9251.21,0.0
96,27,78,4,6812.98,0.0
97,28,23,4,4561.96,0.15
98,29,51,5,21729.72,0.0
99,29,69,4,5262.92,0.0
100,29,11,3,38638.31,0.1
101,29,10,5,45504.23,
102,30,23,3,4561.96,0.0
103,30,2,4,4441.59,0.0
104,30,16,2,83163.25,0.0
105,30,60,3,1661.3,0.05
106,31,12,3,11169.67,0.0
107,31,79,2,20027.21,0.1
108,32,5,5,82882.71,0.0
109,32,36,1,1623.44,0.0
110,32,64,4,2352.46,0.0
111,33,73,2,9526.79,0.15
112,33,65,2,10926.0,0.15
113,33,64,5,2352.46,0.15
114,34,9,2,24443.59,0.0
115,34,76,2,4154.57,0.05
116,35,30,5,2600.54,0.15
117,35,67,3,48132.16,0.15
118,35,36,4,1623.44,0.0
119,35,25,4,63155.9,0.0
120,35,3,3,11718.36,0.1
121,36,36,4,1623.44,0.05
122,36,16,5,83163.25,0.0
123,36,67,2,48132.16,0.0
124,36,60,3,1661.3,0.1
125,37,58,3,7540.1,0.0
126,37,41,5,15894.59,0.0
127,37,1,2,2607.87,0.1
128,37,51,1,21729.72,0.0
129,37,25,2,63155.9,0.0
130,38,40,1,15862.71,0.1
131,38,9,4,24443.59,0.0
132,38,13,5,2378.53,0.05
133,39,32,2,4184.77,0.05
134,39,14,1,7521.16,0.05
135,39,61,5,17645.56,0.0
136,40,77,5,5389.81,
137,41,58,5,7540.1,0.0
138,42,8,1,1138.19,0.1
139,43,9,4,24443.59,0.0
140,43,17,3,3232.18,0.15
141,43,8,4,1138.19,0.0
142,44,8,5,1138.19,0.0
143,45,49,5,10412.49,0.1
144,45,52,2,3501.14,0.15
145,45,13,5,2378.53,0.0
146,46,50,5,10649.28,0.0
147,46,60,3,1661.3,0.0
148,46,55,4,5245.76,0.15
149,46,80,3,14416.0,0.15
150,47,14,5,7521.16,0.0
151,47,2,5,4441.59,0.0
152,48,17,4,3232.18,0.15
153,48,66,4,10173.79,0.0
154,48,33,2,8606.33,0.0
155,48,46,1,26377.33,0.0
156,48,54,2,7273.55,0.05
157,49,56,5,1713.49,0.0
158,49,66,2,10173.79,0.1
159,49,46,3,26377.33,0.15
160,49,40,3,15862.71,0.05
161,49,75,3,2753.32,0.0
162,50,76,5,4154.57,0.0
163,50,19,4,14064.73,0.05
164,50,8,2,1138.19,0.0
165,50,31,2,2127.01,0.0
166,50,65,3,10926.0,0.0
167,51,60,5,1661.3,0.05
168,51,77,5,5389.81,0.05
169,51,43,4,118478.99,0.05
170,51,75,2,2753.32,0.0
171,52,6,2,4331.85,0.0
172,52,64,4,2352.46,0.15
173,52,29,2,14888.01,0.0
174,52,1,4,2607.87,0.05
175,53,27,3,9025.55,0.0
176,53,52,1,3501.14,0.05
177,53,24,1,2933.35,0.15
178,53,1,1,2607.87,0.0
179,54,57,3,2460.95,0.0
180,54,25,1,63155.9,0.0
181,54,75,2,2753.32,0.05
182,55,29,2,14888.01,0.05
183,55,34,5,12210.05,0.0
184,56,26,2,11112.29,0.05
185,56,3,1,11718.36,0.0
186,57,49,3,10412.49,0.0
187,57,15,3,8435.07,0.1
188,58,48,5,7491.22,0.15
189,58,22,4,14987.28,0.0
190,59,19,2,14064.73,0.0
191,60,69,3,5262.92,0.05
192,60,49,5,10412.49,0.1
193,61,6,5,4331.85,0.0
194,61,79,5,20027.21,0.05
195,62,42,1,10500.79,0.05
196,62,32,2,4184.77,0.15
197,63,63,1,3932.48,0.0
198,63,27,5,9025.55,0.1
199,63,11,5,38638.31,0.05
200,63,61,4,17645.56,0.15
201,63,79,4,20027.21,0.0
202,64,48,4,7491.22,0.1
203,64,68,3,16395.12,0.15
204,64,62,4,4112.86,0.15
205,65,27,2,9025.55,0.0
206,66,31,4,2127.01,0.1
207,66,51,5,21729.72,0.0
208,66,28,3,26363.69,0.05
209,66,40,5,15862.71,0.0
210,67,11,4,38638.31,0.15
211,67,38,3,6657.74,0.0
212,68,6,4,4331.85,0.1
213,68,60,4,1661.3,0.1
214,68,66,4,10173.79,0.05
215,68,80,4,14416.0,0.05
216,68,44,3,9251.21,0.1
217,69,23,4,4561.96,0.0
218,70,10,3,45504.23,0.15
219,70,46,5,26377.33,0.15
220,70,11,1,38638.31,0.05
221,71,13,1,2378.53,0.05
222,71,16,1,83163.25,0.15
223,72,43,3,118478.99,0.05
224,72,26,3,11112.29,0.05
225,73,78,5,6812.98,0.05
226,73,18,1,7134.98,0.05
227,74,45,1,7026.99,0.1
228,74,52,5,3501.14,0.0
229,74,75,4,2753.32,0.0
230,75,27,2,9025.55,0.15
231,75,61,5,17645.56,0.15
232,76,60,2,1661.3,0.1
233,76,44,4,9251.21,0.0
234,76,11,4,38638.31,0.1
235,76,41,5,15894.59,0.0
236,77,18,3,7134.98,0.0
237,77,74,4,2937.83,0.05
238,77,17,3,3232.18,0.0
239,78,55,3,5245.76,0.15
240,78,52,1,3501.14,0.15
241,78,69,1,5262.92,0.0
242,78,39,2,47226.71,0.05
243,79,78,4,6812.98,0.0
244,79,74,5,2937.83,0.1
245,79,51,2,21729.72,0.1
246,79,49,1,10412.49,0.05
247,79,27,5,9025.55,0.1
248,80,12,5,11169.67,0.0
249,80,22,1,14987.28,0.15
250,80,14,4,7521.16,0.0
251,81,26,4,11112.29,0.05
252,81,9,2,24443.59,0.0
253,82,68,1,16395.12,0.05
254,82,9,5,24443.59,0.0
255,82,59,2,6537.92,0.05
256,83,51,5,21729.72,0.1
257,83,21,4,2972.3,0.0
258,83,15,4,8435.07,0.0
259,83,17,2,3232.18,0.0
260,84,56,5,1713.49,0.15
261,84,61,3,17645.56,0.15
262,84,21,2,2972.3,0.15
263,85,36,4,1623.44,0.0
264,85,26,4,11112.29,0.15
265,85,1,2,2607.87,0.15
266,85,19,3,14064.73,0.15
267,86,59,1,6537.92,0.05
268,86,60,4,1661.3,0.05
269,86,74,3,2937.83,0.1
270,86,6,5,4331.85,0.0
271,87,32,4,4184.77,0.1
272,87,23,2,4561.96,0.15
273,87,80,1,14416.0,0.1
274,87,56,1,1713.49,0.0
275,88,36,3,1623.44,0.0
276,88,69,2,5262.92,0.1
277,89,71,1,10320.51,0.15
278,89,16,3,83163.25,0.1
279,89,48,4,7491.22,0.0
280,89,10,3,45504.23,0.0
281,90,6,3,4331.85,0.1
282,90,60,2,1661.3,0.1
283,90,4,1,21493.75,0.0
284,90,10,3,45504.23,0.0
285,90,49,2,10412.49,0.05
286,91,63,5,3932.48,0.0
287,91,60,4,1661.3,0.0
288,91,9,4,24443.59,0.05
289,91,11,2,38638.31,0.0
290,92,78,1,6812.98,0.0
291,93,16,2,83163.25,0.0
292,93,69,1,5262.92,0.05
293,93,51,2,21729.72,0.1
294,94,23,5,4561.96,0.0
295,94,28,4,26363.69,0.0
296,94,5,5,82882.71,0.0
297,95,40,1,15862.71,
298,95,57,4,2460.95,0.0
299,95,7,2,6191.08,0.05
300,95,77,2,5389.81,0.0
301,96,3,4,11718.36,0.0
302,97,44,2,9251.21,0.0
303,98,13,2,2378.53,0.0
304,98,22,4,14987.28,0.15
305,99,42,3,10500.79,0.15
306,100,80,5,14416.0,0.1
307,100,27,4,9025.55,0.0
308,101,28,3,26363.69,0.05
309,101,14,2,7521.16,0.0
310,102,41,4,15894.59,0.0
311,102,2,1,4441.59,0.05
312,102,50,5,10649.28,0.05
313,102,28,1,26363.69,0.0
314,103,53,5,10550.89,0.1
315,103,39,1,47226.71,0.15
316,104,22,4,14987.28,
317,104,33,3,8606.33,0.0
318,104,13,3,2378.53,0.1
319,104,77,1,5389.81,0.05
320,104,42,1,10500.79,0.15
321,105,58,5,7540.1,0.0
322,105,49,2,10412.49,0.0
323,105,66,5,10173.79,0.0
324,105,30,3,2600.54,0.0
325,105,65,4,10926.0,0.0
326,106,11,3,38638.31,0.0
327,106,8,2,1138.19,0.1
328,106,18,2,7134.98,0.0
329,106,48,2,7491.22,0.15
330,106,64,4,2352.46,0.05
331,107,36,1,1623.44,0.15
332,107,41,4,15894.59,0.05
333,108,30,3,2600.54,0.05
334,109,27,1,9025.55,0.0
335,109,70,2,4690.27,0.15
336,110,67,1,48132.16,0.0
337,110,42,4,10500.79,0.0
338,110,24,2,2933.35,0.0
339,110,57,2,2460.95,0.0
340,111,12,5,11169.67,0.15
341,111,23,2,4561.96,0.0
342,112,11,2,38638.31,0.0
343,112,55,4,5245.76,0.0
344,112,60,5,1661.3,0.0
345,112,40,3,15862.71,0.05
346,112,22,5,14987.28,0.1
347,113,35,1,97382.34,0.05
348,113,62,4,4112.86,0.1
349,114,61,4,17645.56,0.15
350,114,57,5,2460.95,0.1
351,115,62,4,4112.86,0.1
352,115,3,1,11718.36,0.05
353,116,69,4,5262.92,0.1
354,116,20,3,2795.36,0.1
355,116,71,3,10320.51,0.1
356,116,23,5,4561.96,0.15
357,116,33,4,8606.33,0.0
358,117,18,2,7134.98,0.0
359,117,61,1,17645.56,0.0
360,117,26,5,11112.29,0.05
361,118,52,4,3501.14,0.1
362,118,54,3,7273.55,0.15
363,118,51,1,21729.72,0.1
364,118,48,1,7491.22,0.0
365,119,73,3,9526.79,0.05
366,119,21,5,2972.3,0.1
367,119,25,3,63155.9,0.0
368,119,56,4,1713.49,0.1
369,120,32,1,4184.77,0.05
370,120,62,1,4112.86,0.0
371,121,78,3,6812.98,0.0
372,121,59,5,6537.92,0.15
373,121,19,2,14064.73,0.0
374,122,12,4,11169.67,0.1
375,123,11,4,38638.31,0.05
376,123,67,3,48132.16,0.15
377,123,25,5,63155.9,0.1
378,123,55,5,5245.76,0.05
379,123,22,4,14987.28,0.0
380,124,74,3,2937.83,0.0
381,125,27,1,9025.55,0.0
382,125,51,4,21729.72,0.0
383,125,40,1,15862.71,0.0
384,126,68,2,16395.12,0.0
385,126,54,3,7273.55,0.0
386,126,37,2,28508.66,0.0
387,126,56,4,1713.49,0.0
388,127,15,2,8435.07,0.0
389,127,58,2,7540.1,0.0
390,127,73,3,9526.79,0.1
391,127,28,4,26363.69,0.15
392,127,24,1,2933.35,0.0
393,128,38,1,6657.74,0.1
394,129,36,1,1623.44,0.05
395,130,75,2,2753.32,0.1
396,131,13,1,2378.53,0.15
397,131,2,1,4441.59,0.0
398,131,8,2,1138.19,0.15
399,131,35,1,97382.34,0.1
400,132,67,5,48132.16,0.1
401,132,35,3,97382.34,0.05
402,132,63,3,3932.48,0.05
403,132,61,2,17645.56,0.05
404,132,44,4,9251.21,0.1
405,133,8,4,1138.19,0.1
406,133,46,2,26377.33,0.0
407,133,43,5,118478.99,0.0
408,133,13,5,2378.53,0.05
409,133,1,2,2607.87,0.05
410,134,80,2,14416.0,0.0
411,134,61,3,17645.56,0.0
412,134,66,3,10173.79,0.0
413,134,53,3,10550.89,0.1
414,135,78,4,6812.98,0.15
415,135,63,1,3932.48,0.05
416,136,61,5,17645.56,0.0
417,136,13,2,2378.53,0.15
418,136,50,5,10649.28,0.15
419,136,38,1,6657.74,0.0
420,137,12,2,11169.67,0.1
421,137,39,1,47226.71,0.1
422,137,71,5,10320.51,0.0
423,137,60,2,1661.3,0.0
424,138,12,4,11169.67,0.0
425,138,14,2,7521.16,0.05
426,139,36,1,1623.44,0.0
427,139,29,5,14888.01,0.1
428,139,33,1,8606.33,0.05
429,139,61,2,17645.56,0.15
430,140,9,2,24443.59,0.0
431,140,44,3,9251.21,0.0
432,140,49,3,10412.49,0.0
433,140,72,1,34598.83,0.0
434,140,56,3,1713.49,0.15
435,141,15,3,8435.07,0.0
436,141,74,3,2937.83,0.1
437,142,1,2,2607.87,0.1
438,142,40,4,15862.71,0.05
439,142,8,3,1138.19,0.0
440,142,76,5,4154.57,0.15
441,142,69,5,5262.92,0.0
442,143,51,1,21729.72,0.15
443,144,41,4,15894.59,0.1
444,144,19,2,14064.73,0.15
445,144,38,3,6657.74,0.0
446,144,29,1,14888.01,0.15
447,145,40,3,15862.71,0.15
448,145,65,4,10926.0,0.0
449,145,16,4,83163.25,0.05
450,146,8,2,1138.19,0.0
451,146,43,2,118478.99,0.1
452,146,20,4,2795.36,0.05
453,146,27,2,9025.55,0.0
454,147,51,4,21729.72,0.1
455,147,44,1,9251.21,0.15
456,147,55,3,5245.76,0.05
457,147,61,2,17645.56,0.15
458,147,45,4,7026.99,0.0
459,148,42,1,10500.79,0.05
460,148,75,4,2753.32,0.0
461,149,18,2,7134.98,0.0
462,149,57,2,2460.95,0.0
463,149,62,3,4112.86,0.15
464,149,38,1,6657.74,0.0
465,149,19,4,14064.73,0.1
466,150,8,3,1138.19,
467,150,13,2,2378.53,0.0
468,151,66,3,10173.79,0.15
469,152,20,1,2795.36,0.0
470,152,52,4,3501.14,0.1
471,152,32,3,4184.77,0.15
472,152,5,2,82882.71,0.1
473,153,60,4,1661.3,0.05
474,154,48,1,7491.22,0.0
475,154,2,4,4441.59,0.15
476,154,16,2,83163.25,0.0
477,154,15,5,8435.07,0.15
478,155,62,4,4112.86,0.1
479,155,36,4,1623.44,0.05
480,155,13,5,2378.53,0.0
481,155,76,1,4154.57,0.05
482,155,24,1,2933.35,0.15
483,156,52,4,3501.14,0.15
484,156,3,5,11718.36,0.15
485,157,9,1,24443.59,0.0
486,157,67,1,48132.16,0.0
487,157,75,5,2753.32,0.0
488,157,69,1,5262.92,0.15
489,158,41,5,15894.59,0.0
490,158,16,2,83163.25,0.0
491,158,6,5,4331.85,0.05
492,158,17,1,3232.18,0.0
493,159,65,3,10926.0,0.05
494,160,22,1,14987.28,0.15
495,160,55,3,5245.76,0.15
496,160,1,4,2607.87,0.0
497,160,32,5,4184.77,0.1
498,160,39,3,47226.71,0.15
499,161,78,2,6812.98,0.0
500,161,69,1,5262.92,0.0
501,161,66,1,10173.79,0.0
502,162,39,2,47226.71,0.15
503,162,28,5,26363.69,0.0
504,163,46,1,26377.33,0.15
505,163,36,3,1623.44,0.05
506,163,17,4,3232.18,0.0
507,163,80,4,14416.0,0.1
508,163,55,1,5245.76,0.05
509,164,19,3,14064.73,0.0
510,164,69,3,5262.92,0.15
511,164,27,5,9025.55,0.15
512,164,10,2,45504.23,0.1
513,165,41,4,15894.59,0.0
514,165,56,5,1713.49,0.0
515,166,35,1,97382.34,0.15
516,167,71,4,10320.51,0.0
517,168,12,3,11169.67,0.0
518,168,47,2,4179.71,0.05
519,168,43,1,118478.99,0.0
520,169,29,2,14888.01,0.15
521,169,49,3,10412.49,0.15
522,169,14,4,7521.16,0.0
523,169,16,5,83163.25,0.05
524,170,37,1,28508.66,0.0
525,170,71,3,10320.51,0.1
526,170,35,2,97382.34,0.05
527,170,78,5,6812.98,0.15
528,170,13,5,2378.53,0.1
529,171,76,5,4154.57,0.0
530,171,17,2,3232.18,0.0
531,171,34,4,12210.05,0.15
532,171,2,3,4441.59,0.0
533,172,32,4,4184.77,0.0
534,172,78,4,6812.98,0.05
535,172,54,4,7273.55,0.15
536,173,36,2,1623.44,0.05
537,173,55,1,5245.76,0.05
538,173,67,4,48132.16,0.05
539,174,11,1,38638.31,0.0
540,175,22,5,14987.28,0.0
541,176,37,5,28508.66,0.1
542,177,55,5,5245.76,0.0
543,178,64,4,2352.46,0.0
544,178,66,5,10173.79,0.0
545,178,69,1,5262.92,0.1
546,178,16,5,83163.25,0.05
547,179,68,1,16395.12,0.15
548,179,78,4,6812.98,0.0
549,180,29,5,14888.01,0.05
550,180,23,1,4561.96,0.1
551,180,10,4,45504.23,0.1
552,180,47,2,4179.71,0.05
553,180,18,1,7134.98,0.05
554,181,70,3,4690.27,0.05
555,181,16,4,83163.25,0.05
556,182,28,4,26363.69,0.0
557,182,1,3,2607.87,0.15
558,182,73,1,9526.79,0.1
559,183,63,4,3932.48,0.05
560,183,8,3,1138.19,0.05
561,183,46,1,26377.33,0.0
562,183,1,3,2607.87,0.0
563,183,79,4,20027.21,0.05
564,184,13,4,2378.53,0.1
565,185,11,5,38638.31,0.0
566,185,68,4,16395.12,0.0
567,186,1,4,2607.87,0.1
568,186,20,3,2795.36,0.05
569,186,33,3,8606.33,0.1
570,186,29,2,14888.01,0.15
571,187,14,2,7521.16,0.05
572,187,57,4,2460.95,0.0
573,187,21,3,2972.3,0.0
574,188,25,3,63155.9,0.0
575,189,51,3,21729.72,0.0
576,189,54,2,7273.55,0.0
577,190,35,5,97382.34,0.1
578,190,16,2,83163.25,0.05
579,190,54,4,7273.55,0.15
580,190,63,4,3932.48,0.0
581,191,14,1,7521.16,0.0
582,192,45,1,7026.99,0.0
583,192,65,1,10926.0,0.05
584,193,77,3,5389.81,0.05
585,193,2,4,4441.59,0.0
586,193,56,4,1713.49,0.0
587,193,62,5,4112.86,0.0
588,194,24,2,2933.35,0.1
589,194,32,2,4184.77,0.1
590,194,36,1,1623.44,0.15
591,194,15,5,8435.07,0.0
592,194,34,2,12210.05,0.15
593,195,30,2,2600.54,0.1
594,195,16,1,83163.25,0.05
595,196,19,1,14064.73,0.15
596,196,55,2,5245.76,0.0
597,197,49,4,10412.49,0.15
598,198,30,4,2600.54,0.1
599,198,29,1,14888.01,0.15
600,198,44,4,9251.21,0.0
601,199,15,3,8435.07,0.05
602,199,35,4,97382.34,0.0
603,199,47,3,4179.71,0.0
604,200,6,1,4331.85,0.05
605,200,1,2,2607.87,0.05
606,201,36,2,1623.44,0.05
607,201,78,4,6812.98,0.05
608,201,13,3,2378.53,0.05
609,201,56,1,1713.49,0.0
610,202,71,2,10320.51,0.05
611,203,47,5,4179.71,0.05
612,203,76,2,4154.57,0.05
613,203,68,2,16395.12,0.15
614,204,12,1,11169.67,0.0
615,204,14,5,7521.16,0.0
616,204,17,2,3232.18,0.1
617,204,78,1,6812.98,0.0
618,205,80,5,14416.0,0.0
619,205,44,1,9251.21,0.0
620,205,39,2,47226.71,0.1
621,205,61,5,17645.56,0.05
622,205,26,5,11112.29,0.05
623,206,58,1,7540.1,0.1
624,206,16,4,83163.25,0.15
625,206,56,5,1713.49,0.0
626,207,77,2,5389.81,0.05
627,207,36,1,1623.44,0.15
628,208,25,4,63155.9,0.1
629,209,66,5,10173.79,0.1
630,209,10,4,45504.23,0.15
631,209,22,3,14987.28,0.0
632,209,57,2,2460.95,0.0
633,209,50,2,10649.28,0.15
634,210,76,5,4154.57,0.1
635,210,2,5,4441.59,0.15
636,211,39,3,47226.71,0.15
637,211,29,1,14888.01,0.0
638,211,38,2,6657.74,0.0
639,212,31,2,2127.01,0.05
640,212,38,1,6657.74,0.0
641,212,6,2,4331.85,0.15
642,212,19,1,14064.73,0.0
643,212,36,3,1623.44,0.15
644,213,42,3,10500.79,0.0
645,213,11,4,38638.31,0.15
646,213,71,3,10320.51,0.05
647,214,2,3,4441.59,0.0
648,215,23,5,4561.96,0.15
649,215,33,1,8606.33,0.1
650,215,3,3,11718.36,0.15
651,216,27,2,9025.55,0.15
652,216,57,4,2460.95,0.0
653,216,29,4,14888.01,0.0
654,216,42,4,10500.79,0.05
655,216,35,2,97382.34,0.1
656,217,64,2,2352.46,0.1
657,218,23,5,4561.96,0.1
658,218,25,2,63155.9,0.05
659,219,40,2,15862.71,0.0
660,220,78,1,6812.98,0.1
661,220,25,2,63155.9,0.1
662,220,9,4,24443.59,0.0
663,220,19,5,14064.73,0.0
664,221,78,1,6812.98,0.1
665,222,3,2,11718.36,0.0
666,222,15,1,8435.07,0.05
667,222,2,2,4441.59,0.15
668,222,6,1,4331.85,0.0
669,223,70,3,4690.27,0.0
670,224,18,5,7134.98,0.1
671,224,62,2,4112.86,0.05
672,225,62,1,4112.86,0.15
673,225,20,3,2795.36,0.15
674,225,32,1,4184.77,0.0
675,226,14,5,7521.16,0.05
676,227,66,4,10173.79,0.0
677,228,29,1,14888.01,0.0
678,229,50,2,10649.28,0.1
679,229,19,1,14064.73,0.1
680,229,46,2,26377.33,0.0
681,229,37,2,28508.66,0.0
682,230,46,3,26377.33,0.0
683,230,10,3,45504.23,0.0
684,230,79,1,20027.21,0.15
685,231,23,5,4561.96,0.05
686,231,55,5,5245.76,0.0
687,232,20,3,2795.36,0.0
688,232,39,3,47226.71,0.1
689,232,80,3,14416.0,0.05
690,232,37,1,28508.66,0.0
691,233,19,2,14064.73,0.1
692,233,41,4,15894.59,0.1
693,234,15,5,8435.07,0.1
694,235,19,2,14064.73,0.0
695,235,12,4,11169.67,0.05
696,235,42,3,10500.79,0.1
697,236,62,2,4112.86,0.0
698,236,53,4,10550.89,0.1
699,236,78,5,6812.98,0.1
700,236,43,5,118478.99,0.15
701,237,69,5,5262.92,0.1
702,237,30,5,2600.54,0.15
703,237,50,2,10649.28,0.0
704,237,11,2,38638.31,0.05
705,238,27,1,9025.55,0.05
706,239,61,3,17645.56,0.0
707,239,18,3,7134.98,0.1
708,239,15,2,8435.07,0.15
709,239,8,4,1138.19,0.0
710,239,45,2,7026.99,0.0
711,240,18,1,7134.98,0.0
712,241,4,1,21493.75,0.15
713,241,55,1,5245.76,0.1
714,241,48,5,7491.22,0.0
715,241,7,1,6191.08,0.0
716,242,19,1,14064.73,0.0
717,242,11,5,38638.31,0.1
718,242,32,2,4184.77,0.0
719,243,18,4,7134.98,0.05
720,243,68,4,16395.12,0.0
721,243,39,3,47226.71,0.0
722,243,61,2,17645.56,0.0
723,244,78,2,6812.98,0.15
724,245,2,4,4441.59,0.1
725,245,51,5,21729.72,0.05
726,246,65,3,10926.0,0.0
727,246,40,5,15862.71,0.1
728,246,30,2,2600.54,0.0
729,246,55,4,5245.76,0.15
730,246,21,1,2972.3,0.0
731,247,24,4,2933.35,0.1
732,247,72,3,34598.83,
733,247,78,4,6812.98,0.0
734,247,10,1,45504.23,0.05
735,248,25,3,63155.9,0.15
736,248,35,3,97382.34,0.0
737,248,14,2,7521.16,0.05
738,248,10,2,45504.23,0.15
739,249,9,2,24443.59,0.15
740,250,40,2,15862.71,0.15
741,251,5,3,82882.71,0.0
742,251,31,5,2127.01,0.15
743,252,73,4,9526.79,0.0
744,253,41,1,15894.59,0.05
745,254,46,3,26377.33,0.1
746,255,25,1,63155.9,0.05
747,255,41,4,15894.59,0.15
748,255,51,1,21729.72,0.15
749,255,46,2,26377.33,0.0
750,255,17,5,3232.18,0.1
751,256,76,2,4154.57,0.1
752,256,5,1,82882.71,0.0
753,256,38,2,6657.74,0.0
754,256,21,2,2972.3,0.0
755,257,67,3,48132.16,0.05
756,257,78,3,6812.98,0.15
757,257,44,4,9251.21,0.0
758,257,58,4,7540.1,0.0
759,257,17,2,3232.18,0.15
760,258,10,1,45504.23,0.0
761,258,20,3,2795.36,0.15
762,258,73,1,9526.79,0.1
763,258,64,1,2352.46,0.1
764,258,13,3,2378.53,0.0
765,259,21,5,2972.3,0.05
766,259,9,3,24443.59,0.0
767,259,36,1,1623.44,0.0
768,260,34,2,12210.05,0.0
769,260,61,5,17645.56,0.1
770,260,33,1,8606.33,0.05
771,260,57,3,2460.95,0.1
772,261,80,5,14416.0,0.15
773,261,17,3,3232.18,0.05
774,261,57,1,2460.95,0.1
775,261,47,5,4179.71,0.1
776,262,6,2,4331.85,0.15
777,262,80,1,14416.0,0.0
778,262,8,1,1138.19,0.05
779,263,21,2,2972.3,0.1
780,263,73,4,9526.79,0.0
781,263,52,3,3501.14,0.1
782,263,10,4,45504.23,0.15
783,264,14,4,7521.16,0.0
784,264,11,4,38638.31,0.05
785,264,24,1,2933.35,0.05
786,264,51,3,21729.72,0.15
787,265,28,4,26363.69,0.0
788,265,61,5,17645.56,0.0
789,265,15,4,8435.07,0.0
790,265,36,2,1623.44,0.05
791,266,5,4,82882.71,0.1
792,266,77,2,5389.81,0.0
793,266,49,2,10412.49,0.0
794,266,8,4,1138.19,0.05
795,266,47,3,4179.71,0.0
796,267,19,1,14064.73,0.05
797,268,11,5,38638.31,0.0
798,268,39,3,47226.71,0.0
799,268,58,1,7540.1,
800,268,54,4,7273.55,0.05
801,269,22,4,14987.28,0.1
802,269,26,4,11112.29,0.15
803,269,45,2,7026.99,0.1
804,270,74,5,2937.83,0.15
805,270,50,2,10649.28,0.0
806,270,2,5,4441.59,0.15
807,271,42,1,10500.79,0.0
808,271,41,4,15894.59,
809,272,41,5,15894.59,0.0
810,272,15,4,8435.07,0.0
811,272,53,4,10550.89,0.15
812,272,34,1,12210.05,0.0
813,273,25,5,63155.9,0.0
814,273,54,5,7273.55,0.1
815,274,45,2,7026.99,0.15
816,274,27,1,9025.55,0.05
817,275,3,5,11718.36,0.0
818,275,39,4,47226.71,0.1
819,275,40,4,15862.71,0.1
820,276,46,5,26377.33,0.05
821,276,70,1,4690.27,0.0
822,276,55,4,5245.76,0.1
823,277,23,2,4561.96,0.15
824,277,71,4,10320.51,0.1
825,277,77,3,5389.81,0.1
826,278,80,1,14416.0,0.0
827,278,13,1,2378.53,0.15
828,278,12,4,11169.67,0.0
829,279,80,5,14416.0,0.15
830,279,70,1,4690.27,0.05
831,279,13,4,2378.53,0.0
832,279,57,2,2460.95,0.1
833,280,49,3,10412.49,0.1
834,280,15,4,8435.07,0.1
835,280,26,1,11112.29,0.05
836,280,61,2,17645.56,0.15
837,280,16,3,83163.25,0.05
838,281,40,1,15862.71,0.1
839,281,54,1,7273.55,0.0
840,281,31,1,2127.01,0.0
841,282,67,3,48132.16,0.0
842,282,77,5,5389.81,0.1
843,282,41,2,15894.59,0.15
844,283,25,5,63155.9,0.1
845,283,79,2,20027.21,0.1
846,283,51,2,21729.72,0.1
847,283,7,3,6191.08,0.15
848,284,56,1,1713.49,0.0
849,284,30,5,2600.54,0.0
850,285,51,2,21729.72,0.0
851,285,34,1,12210.05,0.0
852,285,71,4,10320.51,0.0
853,285,21,5,2972.3,0.0
854,285,42,1,10500.79,0.15
855,286,11,4,38638.31,0.05
856,286,74,2,2937.83,0.0
857,286,49,2,10412.49,0.05
858,286,4,2,21493.75,0.15
859,286,17,2,3232.18,0.1
860,287,7,2,6191.08,0.0
861,287,36,5,1623.44,0.0
862,287,11,1,38638.31,0.1
863,288,16,2,83163.25,0.0
864,288,14,1,7521.16,0.1
865,288,19,3,14064.73,0.0
866,288,37,4,28508.66,0.0
867,288,34,4,12210.05,0.0
868,289,10,4,45504.23,0.05
869,289,63,4,3932.48,0.0
870,289,27,2,9025.55,0.05
871,289,54,1,7273.55,0.0
872,290,78,4,6812.98,0.15
873,290,5,5,82882.71,0.15
874,290,16,1,83163.25,0.0
875,290,44,5,9251.21,0.05
876,290,45,1,7026.99,0.0
877,291,4,2,21493.75,0.0
878,291,69,3,5262.92,0.0
879,291,3,2,11718.36,0.0
880,291,67,3,48132.16,0.0
881,291,66,2,10173.79,0.0
882,292,35,4,97382.34,0.0
883,292,36,1,1623.44,0.05
884,293,38,4,6657.74,0.0
885,293,60,3,1661.3,0.0
886,293,64,2,2352.46,0.05
887,293,56,4,1713.49,0.0
888,293,66,5,10173.79,0.15
889,294,22,4,14987.28,0.1
890,294,27,4,9025.55,0.15
891,294,63,3,3932.48,0.05
892,295,14,5,7521.16,0.05
893,295,78,3,6812.98,0.0
894,295,50,4,10649.28,0.0
895,295,55,1,5245.76,0.15
896,295,26,3,11112.29,0.15
897,296,38,4,6657.74,0.0
898,296,78,1,6812.98,0.0
899,296,68,3,16395.12,0.1
900,296,46,2,26377.33,0.05
901,297,10,3,45504.23,0.05
902,297,28,2,26363.69,0.05
903,298,2,3,4441.59,0.0
904,299,28,3,26363.69,0.0
905,299,60,5,1661.3,0.0
906,299,73,4,9526.79,0.05
907,300,28,5,26363.69,0.0
908,300,68,5,16395.12,0.1
909,300,14,4,7521.16,0.05
910,300,72,3,34598.83,0.0
911,300,36,2,1623.44,0.0
912,301,64,1,2352.46,0.0
913,301,6,4,4331.85,0.0
914,301,36,5,1623.44,0.05
915,301,54,5,7273.55,0.1
916,302,74,3,2937.83,0.0
917,302,3,5,11718.36,0.0
918,303,37,5,28508.66,0.15
919,303,17,1,3232.18,0.05
920,303,52,1,3501.14,0.0
921,303,5,4,82882.71,0.0
922,304,39,4,47226.71,0.0
923,304,36,5,1623.44,0.05
924,304,41,4,15894.59,0.15
925,304,45,1,7026.99,0.1
926,305,59,3,6537.92,0.15
927,305,64,1,2352.46,0.0
928,305,16,2,83163.25,0.0
929,306,18,1,7134.98,0.05
930,307,29,3,14888.01,0.15
931,307,22,1,14987.28,0.0
932,307,12,3,11169.67,0.0
933,307,25,1,63155.9,0.0
934,308,10,5,45504.23,0.1
935,308,34,3,12210.05,0.0
936,308,43,2,118478.99,0.15
937,309,16,5,83163.25,0.1
938,309,17,4,3232.18,0.0
939,309,41,5,15894.59,0.15
940,309,19,2,14064.73,0.15
941,310,63,2,3932.48,0.0
942,310,36,3,1623.44,0.05
943,310,42,1,10500.79,0.05
944,310,62,5,4112.86,0.0
945,311,10,1,45504.23,0.0
946,311,64,1,2352.46,0.0
947,312,50,3,10649.28,0.0
948,312,25,5,63155.9,0.15
949,312,63,5,3932.48,0.05
950,312,14,3,7521.16,0.1
951,313,65,2,10926.0,0.0
952,313,14,3,7521.16,0.1
953,314,80,2,14416.0,0.0
954,314,66,3,10173.79,0.1
955,314,26,2,11112.29,0.05
956,314,52,5,3501.14,0.0
957,315,60,1,1661.3,0.0
958,315,14,1,7521.16,0.1
959,316,35,4,97382.34,0.15
960,316,4,4,21493.75,0.05
961,317,16,3,83163.25,0.1
962,317,71,2,10320.51,0.0
963,317,11,4,38638.31,0.15
964,318,66,3,10173.79,0.05
965,318,43,1,118478.99,0.0
966,318,7,4,6191.08,0.1
967,318,57,2,2460.95,0.05
968,319,52,5,3501.14,0.05
969,319,23,5,4561.96,0.15
970,320,67,2,48132.16,0.0
971,320,56,2,1713.49,0.0
972,320,14,1,7521.16,0.0
973,320,7,5,6191.08,0.05
974,321,9,1,24443.59,0.05
975,321,69,2,5262.92,0.15
976,322,51,4,21729.72,0.0
977,322,13,2,2378.53,0.0
978,322,29,3,14888.01,0.05
979,322,35,5,97382.34,0.05
980,323,13,2,2378.53,0.15
981,324,62,1,4112.86,0.0
982,324,40,2,15862.71,0.05
983,324,31,4,2127.01,0.0
984,324,22,1,14987.28,0.1
985,324,41,4,15894.59,0.05
986,325,23,3,4561.96,0.0
987,326,2,3,4441.59,0.1
988,326,77,5,5389.81,0.0
989,327,32,1,4184.77,0.15
990,327,61,3,17645.56,0.0
991,327,15,5,8435.07,0.15
992,327,6,2,4331.85,0.0
993,328,13,3,2378.53,0.05
994,329,63,4,3932.48,0.05
995,329,45,3,7026.99,0.1
996,329,70,1,4690.27,0.05
997,329,33,3,8606.33,0.05
998,330,77,1,5389.81,0.0
999,330,62,4,4112.86,0.0
1000,330,15,2,8435.07,0.05
1001,330,35,4,97382.34,0.0
1002,330,67,2,48132.16,0.15
1003,331,47,4,4179.71,0.0
1004,331,27,3,9025.55,0.15
1005,331,12,4,11169.67,0.15
1006,331,25,2,63155.9,0.05
1007,332,43,4,118478.99,0.05
1008,332,51,3,21729.72,0.0
1009,332,76,1,4154.57,0.15
1010,333,44,5,9251.21,0.05
1011,333,79,3,20027.21,0.0
1012,333,16,1,83163.25,0.1
1013,333,56,2,1713.49,0.1
1014,333,59,2,6537.92,0.15
1015,334,80,3,14416.0,0.1
1016,334,72,3,34598.83,0.0
1017,334,21,3,2972.3,0.0
1018,335,6,1,4331.85,0.0
1019,335,28,4,26363.69,0.05
1020,335,37,1,28508.66,0.1
1021,335,76,3,4154.57,0.0
1022,336,33,2,8606.33,0.05
1023,337,65,1,10926.0,0.05
1024,337,72,2,34598.83,0.0
1025,337,20,4,2795.36,0.15
1026,338,38,2,6657.74,0.0
1027,339,46,4,26377.33,0.0
1028,339,32,3,4184.77,0.05
1029,339,50,5,10649.28,0.05
1030,339,55,2,5245.76,0.15
1031,340,42,3,10500.79,0.0
1032,340,75,4,2753.32,0.15
1033,340,18,2,7134.98,0.05
1034,340,26,3,11112.29,0.0
1035,341,73,2,9526.79,0.1
1036,341,60,4,1661.3,0.0
1037,341,70,2,4690.27,0.15
1038,342,41,3,15894.59,0.1
1039,342,65,4,10926.0,0.1
1040,342,46,4,26377.33,0.1
1041,342,60,1,1661.3,0.15
1042,343,54,1,7273.55,0.0
1043,344,39,2,47226.71,0.15
1044,344,32,5,4184.77,0.15
1045,344,75,3,2753.32,0.0
1046,344,66,4,10173.79,0.0
1047,344,48,4,7491.22,0.0
1048,345,67,1,48132.16,0.05
1049,345,59,1,6537.92,0.05
1050,345,7,5,6191.08,0.0
1051,345,11,3,38638.31,0.15
1052,346,43,5,118478.99,0.0
1053,346,8,2,1138.19,0.15
1054,346,16,2,83163.25,0.15
1055,346,75,4,2753.32,0.0
1056,347,20,3,2795.36,0.0
1057,347,39,4,47226.71,0.15
1058,348,15,1,8435.07,0.0
1059,348,9,5,24443.59,0.0
1060,349,13,1,2378.53,0.15
1061,349,32,4,4184.77,0.1
1062,349,27,1,9025.55,0.0
1063,349,14,3,7521.16,0.1
1064,349,61,4,17645.56,0.0
1065,350,70,5,4690.27,0.1
1066,350,34,5,12210.05,0.0
1067,351,19,2,14064.73,0.15
1068,351,3,5,11718.36,0.0
1069,351,24,4,2933.35,0.1
1070,351,31,3,2127.01,0.05
1071,352,76,4,4154.57,0.05
1072,353,51,4,21729.72,0.1
1073,353,50,4,10649.28,0.0
1074,353,14,1,7521.16,0.05
1075,354,16,5,83163.25,0.05
1076,354,73,1,9526.79,0.15
1077,354,50,4,10649.28,0.0
1078,354,2,3,4441.59,0.0
1079,355,59,3,6537.92,0.15
1080,355,36,5,1623.44,0.0
1081,355,2,3,4441.59,0.15
1082,355,21,4,2972.3,0.15
1083,356,23,2,4561.96,0.05
1084,357,44,4,9251.21,0.0
1085,357,59,4,6537.92,0.1
1086,357,18,4,7134.98,0.15
1087,357,36,2,1623.44,0.15
1088,357,39,5,47226.71,0.15
1089,358,17,5,3232.18,0.05
1090,358,42,5,10500.79,0.15
1091,358,76,4,4154.57,0.0
1092,359,4,2,21493.75,0.0
1093,360,14,4,7521.16,0.1
1094,361,30,2,2600.54,0.1
1095,361,31,4,2127.01,0.0
1096,361,14,1,7521.16,0.15
1097,362,15,4,8435.07,0.05
1098,362,5,5,82882.71,0.0
1099,362,10,2,45504.23,0.05
1100,363,58,4,7540.1,0.0
1101,364,72,3,34598.83,0.0
1102,364,26,2,11112.29,0.0
1103,364,33,4,8606.33,0.15
1104,364,63,2,3932.48,0.0
1105,364,57,5,2460.95,0.0
1106,365,27,1,9025.55,0.0
1107,366,47,4,4179.71,0.15
1108,367,10,2,45504.23,0.0
1109,367,44,5,9251.21,0.1
1110,367,24,5,2933.35,0.05
1111,367,68,3,16395.12,0.15
1112,367,64,5,2352.46,0.0
1113,368,57,4,2460.95,0.1
1114,369,73,1,9526.79,0.0
1115,370,39,1,47226.71,0.15
1116,370,13,5,2378.53,0.05
1117,370,16,1,83163.25,0.0
1118,370,64,3,2352.46,0.05
1119,370,30,4,2600.54,0.05
1120,371,21,3,2972.3,0.0
1121,372,74,3,2937.83,0.1
1122,372,31,5,2127.01,0.0
1123,372,67,5,48132.16,0.0
1124,372,79,5,20027.21,0.1
1125,372,65,3,10926.0,0.0
1126,373,44,4,9251.21,0.05
1127,374,43,2,118478.99,0.0
1128,374,8,5,1138.19,0.05
1129,375,31,4,2127.01,0.0
1130,376,79,5,20027.21,0.15
1131,376,5,1,82882.71,0.15
1132,376,45,4,7026.99,0.0
1133,376,10,3,45504.23,0.0
1134,376,54,1,7273.55,0.0
1135,377,65,4,10926.0,0.05
1136,377,29,2,14888.01,0.0
1137,377,45,1,7026.99,0.0
1138,377,56,2,1713.49,0.15
1139,378,49,4,10412.49,0.1
1140,378,3,2,11718.36,0.1
1141,378,71,4,10320.51,0.15
1142,378,62,2,4112.86,0.0
1143,378,7,4,6191.08,0.0
1144,379,48,1,7491.22,0.0
1145,379,46,2,26377.33,0.0
1146,379,25,5,63155.9,0.0
1147,379,44,2,9251.21,0.1
1148,379,56,5,1713.49,0.15
1149,380,2,2,4441.59,0.0
1150,381,8,2,1138.19,0.1
1151,382,37,3,28508.66,0.05
1152,382,6,5,4331.85,0.0
1153,383,17,4,3232.18,0.0
1154,383,78,1,6812.98,0.0
1155,383,51,3,21729.72,0.15
1156,384,64,2,2352.46,0.1
1157,384,46,3,26377.33,0.05
1158,385,38,5,6657.74,0.15
1159,385,32,1,4184.77,0.0
1160,385,68,3,16395.12,0.1
1161,385,35,5,97382.34,0.1
1162,385,41,3,15894.59,0.0
1163,386,18,2,7134.98,0.05
1164,386,67,5,48132.16,0.0
1165,387,48,2,7491.22,0.0
1166,388,57,1,2460.95,0.0
1167,388,59,4,6537.92,0.0
1168,389,36,3,1623.44,0.0
1169,389,76,1,4154.57,0.05
1170,389,50,5,10649.28,0.1
1171,390,3,1,11718.36,
1172,390,49,2,10412.49,0.1
1173,390,50,2,10649.28,0.1
1174,390,57,5,2460.95,0.0
1175,391,5,1,82882.71,0.15
1176,391,70,3,4690.27,0.05
1177,391,45,5,7026.99,0.0
1178,392,44,5,9251.21,0.1
1179,393,8,3,1138.19,0.15
1180,393,14,4,7521.16,0.1
1181,393,71,5,10320.51,0.15
1182,393,50,5,10649.28,0.05
1183,394,49,2,10412.49,0.0
1184,394,60,1,1661.3,0.05
1185,395,11,3,38638.31,0.05
1186,395,32,5,4184.77,0.1
1187,395,70,1,4690.27,0.15
1188,396,47,5,4179.71,0.0
1189,396,35,1,97382.34,0.05
1190,396,33,5,8606.33,0.05
1191,397,23,1,4561.96,0.1
1192,397,57,1,2460.95,0.1
1193,397,60,1,1661.3,0.05
1194,398,72,5,34598.83,0.0
1195,398,28,3,26363.69,0.15
1196,398,53,5,10550.89,0.05
1197,398,8,1,1138.19,0.1
1198,399,34,3,12210.05,0.1
1199,399,36,2,1623.44,0.0
1200,400,19,1,14064.73,0.0
1201,400,80,1,14416.0,0.0
1202,401,65,5,10926.0,0.05
1203,401,57,1,2460.95,0.15
1204,402,8,3,1138.19,0.0
1205,402,34,3,12210.05,0.15
1206,403,77,2,5389.81,0.05
1207,404,10,5,45504.23,0.1
1208,405,66,1,10173.79,
1209,406,42,3,10500.79,0.1
1210,406,74,1,2937.83,0.1
1211,407,19,5,14064.73,0.05
1212,407,4,3,21493.75,0.1
1213,407,42,3,10500.79,0.1
1214,408,80,3,14416.0,0.0
1215,408,4,3,21493.75,0.0
1216,408,21,5,2972.3,0.0
1217,409,78,2,6812.98,0.05
1218,410,66,5,10173.79,0.0
1219,410,75,2,2753.32,0.1
1220,410,45,1,7026.99,0.0
1221,410,28,2,26363.69,0.15
1222,410,49,5,10412.49,0.15
1223,411,54,5,7273.55,0.1
1224,411,69,5,5262.92,0.15
1225,411,16,4,83163.25,0.05
1226,411,68,3,16395.12,0.0
1227,411,7,5,6191.08,0.05
1228,412,43,3,118478.99,0.0
1229,412,32,4,4184.77,0.05
1230,413,31,4,2127.01,0.1
1231,414,11,5,38638.31,0.0
1232,414,46,3,26377.33,0.1
1233,414,72,5,34598.83,0.0
1234,415,54,5,7273.55,0.0
1235,415,30,4,2600.54,0.15
1236,415,73,2,9526.79,0.15
1237,415,17,3,3232.18,0.05
1238,416,41,4,15894.59,0.1
1239,416,16,5,83163.25,0.0
1240,416,11,5,38638.31,0.1
1241,417,24,1,2933.35,0.0
1242,417,59,1,6537.92,0.1
1243,418,71,2,10320.51,0.0
1244,418,61,4,17645.56,0.0
1245,418,13,2,2378.53,0.0
1246,419,66,4,10173.79,0.1
1247,419,68,3,16395.12,0.0
1248,420,72,3,34598.83,0.05
1249,420,31,5,2127.01,0.15
1250,420,38,5,6657.74,0.0
1251,420,16,1,83163.25,0.0
1252,421,58,3,7540.1,0.1
1253,421,53,2,10550.89,0.0
1254,421,56,5,1713.49,0.15
1255,422,20,1,2795.36,0.15
1256,423,48,2,7491.22,0.15
1257,423,59,5,6537.92,0.05
1258,423,49,1,10412.49,0.0
1259,423,42,3,10500.79,0.1
1260,423,57,3,2460.95,0.0
1261,424,67,3,48132.16,0.05
1262,424,68,4,16395.12,0.05
1263,424,75,2,2753.32,0.0
1264,424,66,1,10173.79,0.0
1265,424,55,4,5245.76,0.15
1266,425,74,1,2937.83,0.05
1267,425,79,3,20027.21,0.0
1268,425,41,1,15894.59,0.05
1269,426,63,2,3932.48,0.05
1270,426,57,3,2460.95,0.15
1271,426,29,1,14888.01,0.0
1272,427,19,5,14064.73,0.15
1273,427,13,2,2378.53,
1274,427,27,5,9025.55,0.0
1275,428,69,3,5262.92,0.0
1276,428,25,3,63155.9,0.15
1277,428,1,4,2607.87,0.1
1278,428,63,5,3932.48,0.0
1279,428,4,4,21493.75,0.05
1280,429,16,4,83163.25,0.1
1281,430,34,1,12210.05,0.05
1282,430,12,1,11169.67,0.0
1283,430,18,1,7134.98,0.05
1284,430,36,2,1623.44,0.15
1285,431,36,1,1623.44,0.05
1286,431,59,1,6537.92,0.1
1287,431,66,1,10173.79,0.15
1288,432,25,1,63155.9,0.0
1289,432,72,2,34598.83,0.15
1290,432,5,4,82882.71,0.0
1291,433,34,2,12210.05,0.1
1292,433,61,2,17645.56,0.1
1293,434,17,5,3232.18,0.0
1294,434,26,1,11112.29,0.1
1295,434,12,1,11169.67,0.1
1296,435,79,3,20027.21,0.15
1297,435,27,4,9025.55,0.15
1298,435,23,2,4561.96,0.05
1299,435,5,4,82882.71,0.15
1300,435,54,2,7273.55,0.05
1301,436,38,4,6657.74,0.1
1302,436,63,5,3932.48,0.05
1303,437,62,3,4112.86,0.1
1304,437,38,4,6657.74,0.05
1305,437,13,2,2378.53,0.1
1306,437,29,1,14888.01,0.0
1307,437,15,4,8435.07,0.05
1308,438,45,4,7026.99,0.0
1309,439,63,1,3932.48,0.05
1310,439,77,3,5389.81,
1311,439,53,2,10550.89,0.1
1312,439,31,1,2127.01,0.15
1313,440,34,4,12210.05,0.1
1314,440,41,4,15894.59,0.1
1315,440,53,3,10550.89,0.0
1316,441,63,1,3932.48,0.05
1317,441,29,4,14888.01,0.1
1318,441,44,2,9251.21,0.15
1319,442,69,1,5262.92,0.15
1320,442,27,5,9025.55,0.05
1321,443,78,1,6812.98,0.0
1322,443,70,4,4690.27,0.0
1323,444,46,1,26377.33,0.15
1324,444,71,2,10320.51,0.05
1325,444,9,5,24443.59,0.0
1326,445,69,2,5262.92,0.05
1327,445,51,2,21729.72,0.05
1328,446,53,2,10550.89,0.0
1329,446,28,1,26363.69,0.0
1330,446,71,5,10320.51,0.0
1331,447,51,3,21729.72,0.0
1332,447,63,2,3932.48,0.0
1333,447,6,1,4331.85,0.05
1334,447,21,1,2972.3,0.1
1335,447,37,4,28508.66,0.0
1336,448,11,4,38638.31,0.0
1337,448,10,1,45504.23,0.15
1338,448,65,5,10926.0,0.0
1339,449,76,4,4154.57,0.0
1340,450,40,3,15862.71,0.05
1341,450,42,4,10500.79,0.0
1342,450,55,1,5245.76,0.05
1343,450,66,5,10173.79,0.1
1344,450,3,4,11718.36,0.05
1345,451,12,3,11169.67,0.1
1346,451,29,3,14888.01,0.15
1347,451,53,5,10550.89,0.0
1348,451,72,4,34598.83,0.0
1349,452,51,4,21729.72,0.0
1350,452,48,5,7491.22,0.0
1351,452,70,4,4690.27,0.0
1352,452,14,4,7521.16,0.05
1353,453,73,2,9526.79,0.0
1354,453,14,1,7521.16,0.15
1355,453,40,2,15862.71,0.0
1356,453,43,4,118478.99,0.15
1357,454,11,4,38638.31,0.15
1358,454,19,4,14064.73,0.15
1359,455,30,3,2600.54,0.05
1360,455,8,2,1138.19,0.0
1361,455,64,3,2352.46,0.15
1362,455,33,5,8606.33,0.1
1363,455,53,1,10550.89,0.05
1364,456,72,5,34598.83,0.1
1365,456,63,3,3932.48,0.0
1366,457,60,5,1661.3,0.0
1367,457,62,1,4112.86,0.1
1368,457,66,1,10173.79,0.1
1369,458,2,5,4441.59,0.0
1370,458,21,2,2972.3,0.0
1371,459,15,2,8435.07,0.15
1372,459,5,4,82882.71,0.0
1373,459,55,5,5245.76,0.1
1374,459,64,4,2352.46,0.0
1375,460,16,3,83163.25,0.15
1376,460,56,3,1713.49,0.15
1377,460,38,3,6657.74,0.15
1378,461,19,5,14064.73,0.0
1379,461,38,5,6657.74,0.05
1380,462,78,3,6812.98,0.0
1381,462,33,2,8606.33,0.15
1382,462,61,4,17645.56,0.0
1383,462,60,3,1661.3,0.1
1384,462,27,2,9025.55,0.0
1385,463,9,2,24443.59,0.0
1386,463,1,5,2607.87,0.1
1387,463,40,3,15862.71,0.0
1388,463,25,1,63155.9,0.15
1389,464,77,5,5389.81,0.0
1390,464,21,3,2972.3,0.0
1391,464,9,2,24443.59,0.05
1392,464,45,3,7026.99,0.1
1393,465,40,5,15862.71,0.15
1394,465,48,2,7491.22,0.0
1395,465,80,5,14416.0,0.0
1396,465,52,1,3501.14,0.0
1397,465,33,3,8606.33,0.0
1398,466,73,5,9526.79,0.15
1399,466,14,4,7521.16,0.05
1400,466,17,5,3232.18,0.15
1401,467,36,1,1623.44,0.0
1402,467,79,2,20027.21,0.0
1403,467,61,5,17645.56,0.0
1404,467,27,2,9025.55,0.0
1405,467,22,4,14987.28,0.0
1406,468,10,5,45504.23,0.1
1407,468,7,4,6191.08,0.1
1408,468,18,3,7134.98,0.05
1409,469,16,4,83163.25,0.1
1410,469,31,3,2127.01,0.05
1411,469,72,5,34598.83,0.05
1412,469,51,5,21729.72,0.0
1413,469,49,5,10412.49,0.0
1414,470,36,4,1623.44,0.15
1415,470,19,4,14064.73,0.1
1416,471,16,3,83163.25,0.0
1417,471,72,1,34598.83,0.05
1418,471,56,4,1713.49,0.05
1419,472,28,4,26363.69,0.05
1420,472,79,2,20027.21,0.0
1421,472,72,2,34598.83,0.1
1422,472,25,3,63155.9,0.15
1423,473,1,3,2607.87,0.05
1424,473,76,1,4154.57,0.05
1425,474,65,3,10926.0,0.0
1426,474,2,3,4441.59,0.1
1427,474,78,4,6812.98,0.0
1428,475,36,1,1623.44,0.1
1429,475,8,5,1138.19,0.1
1430,475,74,4,2937.83,0.0
1431,476,70,1,4690.27,0.15
1432,476,14,2,7521.16,0.0
1433,476,5,2,82882.71,0.0
1434,476,48,4,7491.22,0.0
1435,477,57,1,2460.95,0.05
1436,478,70,3,4690.27,0.0
1437,479,3,3,11718.36,0.15
1438,479,43,1,118478.99,0.1
1439,479,41,4,15894.59,0.0
1440,479,22,1,14987.28,0.0
1441,479,76,5,4154.57,0.0
1442,480,11,1,38638.31,0.05
1443,480,23,5,4561.96,0.0
1444,480,57,5,2460.95,0.1
1445,481,1,3,2607.87,0.15
1446,481,40,3,15862.71,0.0
1447,482,60,5,1661.3,0.1
1448,482,73,1,9526.79,0.0
1449,482,12,1,11169.67,0.0
1450,483,24,3,2933.35,0.15
1451,484,22,1,14987.28,0.0
1452,485,59,3,6537.92,0.0
1453,485,11,2,38638.31,0.05
1454,485,32,1,4184.77,0.1
1455,486,23,5,4561.96,0.05
1456,486,36,4,1623.44,0.0
1457,486,18,2,7134.98,0.05
1458,487,23,3,4561.96,0.1
1459,487,38,3,6657.74,0.0
1460,488,46,5,26377.33,0.1
1461,488,75,2,2753.32,0.0
1462,488,47,5,4179.71,0.1
1463,488,45,2,7026.99,0.15
1464,489,27,5,9025.55,0.15
1465,489,56,3,1713.49,0.0
1466,489,45,5,7026.99,0.0
1467,489,37,3,28508.66,0.0
1468,489,44,4,9251.21,0.05
1469,490,15,5,8435.07,0.0
1470,491,18,3,7134.98,0.15
1471,491,60,4,1661.3,0.15
1472,491,76,1,4154.57,0.05
1473,491,42,1,10500.79,0.05
1474,492,21,4,2972.3,0.1
1475,493,44,3,9251.21,0.05
1476,493,13,2,2378.53,0.1
1477,493,24,5,2933.35,0.0
1478,494,57,5,2460.95,0.1
1479,495,74,3,2937.83,0.05
1480,495,56,5,1713.49,0.05
1481,495,52,4,3501.14,0.1
1482,495,61,3,17645.56,0.0
1483,495,32,2,4184.77,0.15
1484,496,54,4,7273.55,0.05
1485,497,52,2,3501.14,0.05
1486,497,76,5,4154.57,0.15
1487,497,4,2,21493.75,0.15
1488,497,21,2,2972.3,0.0
1489,497,66,3,10173.79,0.0
1490,498,40,2,15862.71,0.05
1491,499,51,2,21729.72,0.0
1492,499,22,2,14987.28,0.05
1493,499,59,3,6537.92,0.0
1494,499,1,2,2607.87,0.0
1495,500,56,2,1713.49,0.0
1496,500,12,5,11169.67,0.05
1497,501,62,2,4112.86,0.05
1498,502,61,5,17645.56,0.1
1499,503,61,4,17645.56,0.0
1500,503,49,1,10412.49,0.1
1501,504,41,4,15894.59,0.05
1502,504,18,3,7134.98,0.1
1503,505,51,5,21729.72,0.0
1504,505,69,2,5262.92,0.15
1505,505,10,2,45504.23,0.0
1506,505,45,3,7026.99,0.05
1507,505,63,3,3932.48,0.15
1508,506,79,5,20027.21,0.1
1509,507,30,2,2600.54,0.1
1510,508,6,3,4331.85,0.1
1511,508,28,1,26363.69,
1512,509,24,3,2933.35,0.1
1513,509,55,4,5245.76,0.0
1514,509,20,3,2795.36,0.1
1515,509,37,2,28508.66,0.0
1516,510,67,3,48132.16,0.0
1517,510,14,4,7521.16,0.0
1518,510,60,2,1661.3,0.05
1519,510,11,2,38638.31,0.15
1520,511,50,4,10649.28,0.0
1521,511,59,3,6537.92,0.1
1522,511,2,3,4441.59,0.0
1523,511,63,5,3932.48,0.1
1524,511,52,5,3501.14,0.05
1525,512,43,2,118478.99,0.1
1526,512,69,5,5262.92,0.1
1527,512,47,1,4179.71,0.0
1528,512,15,1,8435.07,0.05
1529,513,34,4,12210.05,0.0
1530,513,26,4,11112.29,0.05
1531,513,66,1,10173.79,0.0
1532,513,79,4,20027.21,0.1
1533,513,59,3,6537.92,0.0
1534,514,48,1,7491.22,0.15
1535,514,33,3,8606.33,0.0
1536,514,55,3,5245.76,0.05
1537,514,44,4,9251.21,0.0
1538,514,38,4,6657.74,0.05
1539,515,5,3,82882.71,0.0
1540,515,77,5,5389.81,0.1
1541,515,15,2,8435.07,0.0
1542,516,69,1,5262.92,0.0
1543,517,64,3,2352.46,0.05
1544,517,56,4,1713.49,0.15
1545,518,68,4,16395.12,0.0
1546,518,73,1,9526.79,0.05
1547,519,5,1,82882.71,0.1
1548,519,19,5,14064.73,0.0
1549,519,78,3,6812.98,0.05
1550,520,52,1,3501.14,0.1
1551,520,3,1,11718.36,0.0
1552,520,24,5,2933.35,0.05
1553,520,33,3,8606.33,0.15
1554,521,70,4,4690.27,0.0
1555,521,32,4,4184.77,0.05
1556,521,7,2,6191.08,0.05
1557,521,48,5,7491.22,0.0
1558,521,74,5,2937.83,0.1
1559,522,37,1,28508.66,0.1
1560,522,35,2,97382.34,0.0
1561,523,17,5,3232.18,0.05
1562,523,36,1,1623.44,0.0
1563,523,35,2,97382.34,0.0
1564,523,60,3,1661.3,0.0
1565,524,79,3,20027.21,0.15
1566,525,76,5,4154.57,0.1
1567,525,54,4,7273.55,0.15
1568,525,77,1,5389.81,0.05
1569,525,43,3,118478.99,0.05
1570,526,57,4,2460.95,0.0
1571,526,20,5,2795.36,0.0
1572,526,60,4,1661.3,0.05
1573,527,5,5,82882.71,0.05
1574,527,74,1,2937.83,0.0
1575,527,11,5,38638.31,0.05
1576,527,63,3,3932.48,0.05
1577,528,58,2,7540.1,0.15
1578,528,60,5,1661.3,0.0
1579,528,4,5,21493.75,0.05
1580,529,56,4,1713.49,0.0
1581,529,54,4,7273.55,0.15
1582,529,3,2,11718.36,0.1
1583,529,37,5,28508.66,0.0
1584,529,72,1,34598.83,0.1
1585,530,28,5,26363.69,0.05
1586,530,15,2,8435.07,0.0
1587,531,71,4,10320.51,0.15
1588,531,53,3,10550.89,0.05
1589,531,46,3,26377.33,0.0
1590,531,28,3,26363.69,0.15
1591,532,69,4,5262.92,0.05
1592,532,51,4,21729.72,0.0
1593,532,29,2,14888.01,0.1
1594,532,52,3,3501.14,0.0
1595,532,64,5,2352.46,0.05
1596,533,23,4,4561.96,0.1
1597,533,13,4,2378.53,0.0
1598,533,50,1,10649.28,0.15
1599,533,75,2,2753.32,0.0
1600,534,80,4,14416.0,0.0
1601,534,65,3,10926.0,0.15
1602,534,11,2,38638.31,0.0
1603,534,77,5,5389.81,0.1
1604,534,74,1,2937.83,0.05
1605,535,77,4,5389.81,0.15
1606,536,25,2,63155.9,0.1
1607,536,21,2,2972.3,0.05
1608,536,59,2,6537.92,0.05
1609,536,48,1,7491.22,0.0
1610,536,31,2,2127.01,0.15
1611,537,59,2,6537.92,0.0
1612,537,32,4,4184.77,0.15
1613,537,78,1,6812.98,0.15
1614,537,57,3,2460.95,0.0
1615,538,60,1,1661.3,0.0
1616,538,9,4,24443.59,0.15
1617,539,50,5,10649.28,0.0
1618,539,10,5,45504.23,0.15
1619,539,54,1,7273.55,0.1
1620,539,34,4,12210.05,0.0
1621,540,51,4,21729.72,0.15
1622,540,6,4,4331.85,0.1
1623,540,47,1,4179.71,0.0
1624,541,34,1,12210.05,0.0
1625,541,75,3,2753.32,0.1
1626,542,19,2,14064.73,0.05
1627,542,32,1,4184.77,0.05
1628,542,62,1,4112.86,0.1
1629,543,32,4,4184.77,0.05
1630,543,34,4,12210.05,0.05
1631,543,44,5,9251.21,0.05
1632,543,38,5,6657.74,0.0
1633,544,19,3,14064.73,0.0
1634,544,67,2,48132.16,0.05
1635,545,47,3,4179.71,0.1
1636,545,38,4,6657.74,0.05
1637,545,40,2,15862.71,0.0
1638,545,21,2,2972.3,0.15
1639,545,73,3,9526.79,0.1
1640,546,30,5,2600.54,0.05
1641,546,4,2,21493.75,0.15
1642,546,28,1,26363.69,0.05
1643,547,66,4,10173.79,0.15
1644,547,67,2,48132.16,0.05
1645,547,52,2,3501.14,
1646,548,41,2,15894.59,0.15
1647,548,67,4,48132.16,0.0
1648,548,48,4,7491.22,0.1
1649,548,49,1,10412.49,0.0
1650,548,63,3,3932.48,0.0
1651,549,27,3,9025.55,0.15
1652,549,29,1,14888.01,0.0
1653,549,20,3,2795.36,0.1
1654,550,73,2,9526.79,0.05
1655,550,2,1,4441.59,0.1
1656,550,68,1,16395.12,0.05
1657,550,30,5,2600.54,0.0
1658,551,71,1,10320.51,0.1
1659,551,69,5,5262.92,0.15
1660,551,11,2,38638.31,
1661,552,24,4,2933.35,0.0
1662,552,32,1,4184.77,0.15
1663,552,30,3,2600.54,0.15
1664,553,12,2,11169.67,0.15
1665,553,25,3,63155.9,0.0
1666,553,9,2,24443.59,0.0
1667,554,75,4,2753.32,0.0
1668,554,62,5,4112.86,0.0
1669,555,10,1,45504.23,0.1
1670,555,26,1,11112.29,0.1
1671,555,62,2,4112.86,0.0
1672,556,76,5,4154.57,0.0
1673,556,28,5,26363.69,0.1
1674,556,77,1,5389.81,0.1
1675,556,63,2,3932.48,0.15
1676,556,39,5,47226.71,0.1
1677,557,33,4,8606.33,0.15
1678,558,64,5,2352.46,0.1
1679,558,23,5,4561.96,0.05
1680,558,43,3,118478.99,0.05
1681,559,32,3,4184.77,0.1
1682,559,44,1,9251.21,0.0
1683,559,36,4,1623.44,0.0
1684,559,72,3,34598.83,0.15
1685,559,65,4,10926.0,0.1
1686,560,23,4,4561.96,0.05
1687,560,9,1,24443.59,0.1
1688,561,69,1,5262.92,0.0
1689,561,24,2,2933.35,0.05
1690,561,25,5,63155.9,0.05
1691,562,68,3,16395.12,0.15
1692,562,61,2,17645.56,0.15
1693,562,14,2,7521.16,0.05
1694,563,25,2,63155.9,0.0
1695,563,51,5,21729.72,0.0
1696,564,67,4,48132.16,0.05
1697,564,61,2,17645.56,0.05
1698,564,77,4,5389.81,0.05
1699,565,19,3,14064.73,0.05
1700,565,40,4,15862.71,0.05
1701,565,43,4,118478.99,0.15
1702,566,54,4,7273.55,0.05
1703,566,1,2,2607.87,0.1
1704,566,52,3,3501.14,0.0
1705,566,8,2,1138.19,0.0
1706,567,38,3,6657.74,0.1
1707,567,48,4,7491.22,0.05
1708,567,4,5,21493.75,0.15
1709,568,28,5,26363.69,0.1
1710,568,80,3,14416.0,0.0
1711,569,32,2,4184.77,0.05
1712,570,76,4,4154.57,0.0
1713,570,61,3,17645.56,0.15
1714,570,6,5,4331.85,0.1
1715,570,50,1,10649.28,0.0
1716,571,44,3,9251.21,0.15
1717,572,57,4,2460.95,0.0
1718,572,37,1,28508.66,0.05
1719,572,15,4,8435.07,0.0
1720,573,76,5,4154.57,0.0
1721,573,39,5,47226.71,0.0
1722,574,32,3,4184.77,0.15
1723,574,42,5,10500.79,0.05
1724,574,74,1,2937.83,0.0
1725,574,70,1,4690.27,0.05
1726,575,58,3,7540.1,0.1
1727,575,28,2,26363.69,
1728,575,24,3,2933.35,0.05
1729,576,34,5,12210.05,0.0
1730,576,33,2,8606.33,0.0
1731,577,55,5,5245.76,0.0
1732,577,51,5,21729.72,0.05
1733,577,63,1,3932.48,0.15
1734,577,7,4,6191.08,0.0
1735,578,42,3,10500.79,0.0
1736,578,69,1,5262.92,0.15
1737,578,63,1,3932.48,0.15
1738,578,37,1,28508.66,0.15
1739,578,74,2,2937.83,0.15
1740,579,74,4,2937.83,0.15
1741,580,10,3,45504.23,0.1
1742,580,56,4,1713.49,0.0
1743,581,10,3,45504.23,0.1
1744,581,24,5,2933.35,0.1
1745,581,74,1,2937.83,0.1
1746,582,38,1,6657.74,0.0
1747,582,1,3,2607.87,0.1
1748,582,80,2,14416.0,0.05
1749,582,50,2,10649.28,0.15
1750,582,3,3,11718.36,0.15
1751,583,26,2,11112.29,0.0
1752,583,74,2,2937.83,0.05
1753,583,46,2,26377.33,0.0
1754,583,20,1,2795.36,0.15
1755,584,6,3,4331.85,0.05
1756,584,17,2,3232.18,0.0
1757,584,70,2,4690.27,0.05
1758,584,45,2,7026.99,0.1
1759,584,9,3,24443.59,0.0
1760,585,46,2,26377.33,0.1
1761,585,4,1,21493.75,0.1
1762,586,57,2,2460.95,0.1
1763,587,58,4,7540.1,0.1
1764,588,27,5,9025.55,0.0
1765,588,49,1,10412.49,0.0
1766,589,75,1,2753.32,0.1
1767,589,67,5,48132.16,0.05
1768,589,16,3,83163.25,0.1
1769,589,21,2,2972.3,0.0
1770,589,27,1,9025.55,0.15
1771,590,62,1,4112.86,0.1
1772,590,33,1,8606.33,0.0
1773,590,66,4,10173.79,0.1
1774,591,13,1,2378.53,0.1
1775,591,46,3,26377.33,0.0
1776,591,47,1,4179.71,0.1
1777,591,40,4,15862.71,0.0
1778,592,42,2,10500.79,0.0
1779,592,6,5,4331.85,0.0
1780,592,19,2,14064.73,0.15
1781,593,18,1,7134.98,0.0
1782,593,61,5,17645.56,0.0
1783,594,48,2,7491.22,0.1
1784,594,80,2,14416.0,0.0
1785,594,54,5,7273.55,0.0
1786,595,47,2,4179.71,0.0
1787,595,15,4,8435.07,0.0
1788,596,52,5,3501.14,0.05
1789,596,48,1,7491.22,0.0
1790,596,34,3,12210.05,0.0
1791,597,5,5,82882.71,0.1
1792,597,19,5,14064.73,0.15
1793,597,53,2,10550.89,0.0
1794,597,6,1,4331.85,0.0
1795,598,29,1,14888.01,0.0
1796,598,12,4,11169.67,0.1
1797,598,54,4,7273.55,0.15
1798,599,18,4,7134.98,0.1
1799,599,78,3,6812.98,0.0
1800,599,1,3,2607.87,0.15
1801,599,40,3,15862.71,0.15
1802,600,62,4,4112.86,0.15
1803,601,17,5,3232.18,0.0
1804,601,29,2,14888.01,
1805,602,13,4,2378.53,0.05
1806,603,14,3,7521.16,0.05
1807,603,32,4,4184.77,0.15
1808,603,29,5,14888.01,0.15
1809,603,33,5,8606.33,0.05
1810,603,24,2,2933.35,0.05
1811,604,48,4,7491.22,0.0
1812,604,19,2,14064.73,0.0
1813,604,75,1,2753.32,0.0
1814,604,5,1,82882.71,0.0
1815,605,51,1,21729.72,0.15
1816,605,42,4,10500.79,0.1
1817,606,25,4,63155.9,0.0
1818,606,74,4,2937.83,0.15
1819,606,52,3,3501.14,0.15
1820,607,16,3,83163.25,0.0
1821,607,36,3,1623.44,
1822,607,66,4,10173.79,0.15
1823,607,44,4,9251.21,0.0
1824,608,67,3,48132.16,0.1
1825,608,34,1,12210.05,0.15
1826,608,9,2,24443.59,0.0
1827,609,59,1,6537.92,0.15
1828,609,15,3,8435.07,0.0
1829,610,40,5,15862.71,0.0
1830,610,58,5,7540.1,0.0
1831,610,56,4,1713.49,0.15
1832,611,19,1,14064.73,0.0
1833,611,29,3,14888.01,0.15
1834,612,20,3,2795.36,0.15
1835,612,73,2,9526.79,0.15
1836,612,68,2,16395.12,0.05
1837,612,7,2,6191.08,0.0
1838,612,69,2,5262.92,0.15
1839,613,20,5,2795.36,0.1
1840,613,70,2,4690.27,0.05
1841,614,52,3,3501.14,0.1
1842,615,54,3,7273.55,0.0
1843,615,61,1,17645.56,0.05
1844,615,60,5,1661.3,0.05
1845,615,42,2,10500.79,0.15
1846,615,18,5,7134.98,0.0
1847,616,53,2,10550.89,0.0
1848,617,21,4,2972.3,0.15
1849,617,32,2,4184.77,0.0
1850,617,51,3,21729.72,0.0
1851,617,54,2,7273.55,0.05
1852,618,52,5,3501.14,0.0
1853,618,16,2,83163.25,0.1
1854,619,36,1,1623.44,0.0
1855,619,42,5,10500.79,0.05
1856,620,14,3,7521.16,0.0
1857,620,77,5,5389.81,0.15
1858,620,61,4,17645.56,0.0
1859,620,30,1,2600.54,0.05
1860,620,57,3,2460.95,0.0
1861,621,33,5,8606.33,0.0
1862,621,15,4,8435.07,0.05
1863,621,60,2,1661.3,0.15
1864,621,55,1,5245.76,0.0
1865,622,77,4,5389.81,0.0
1866,622,47,1,4179.71,0.05
1867,622,31,3,2127.01,0.05
1868,622,64,5,2352.46,0.05
1869,622,56,4,1713.49,0.05
1870,623,11,4,38638.31,0.0
1871,623,2,5,4441.59,0.1
1872,623,13,2,2378.53,0.15
1873,624,35,5,97382.34,0.15
1874,624,14,4,7521.16,0.15
1875,624,63,5,3932.48,0.1
1876,624,72,1,34598.83,0.15
1877,625,76,1,4154.57,0.15
1878,626,16,2,83163.25,0.05
1879,627,78,4,6812.98,0.1
1880,627,54,5,7273.55,0.15
1881,627,51,1,21729.72,0.1
1882,627,6,4,4331.85,0.0
1883,627,45,2,7026.99,0.15
1884,628,4,1,21493.75,0.05
1885,628,43,4,118478.99,0.0
1886,629,33,3,8606.33,0.1
1887,629,46,1,26377.33,0.05
1888,629,45,4,7026.99,0.05
1889,629,32,2,4184.77,0.0
1890,630,71,4,10320.51,0.0
1891,630,42,3,10500.79,0.05
1892,630,52,5,3501.14,0.15
1893,630,45,2,7026.99,0.05
1894,630,23,3,4561.96,0.0
1895,631,52,3,3501.14,0.15
1896,632,24,4,2933.35,0.05
1897,632,49,3,10412.49,0.1
1898,632,26,3,11112.29,0.0
1899,632,34,2,12210.05,0.05
1900,633,15,2,8435.07,0.15
1901,634,65,5,10926.0,0.15
1902,634,72,2,34598.83,0.1
1903,634,38,5,6657.74,0.0
1904,635,12,4,11169.67,0.05
1905,635,77,2,5389.81,0.05
1906,636,46,3,26377.33,0.15
1907,636,51,5,21729.72,0.0
1908,636,18,3,7134.98,0.0
1909,636,50,4,10649.28,0.0
1910,636,14,2,7521.16,0.15
1911,637,36,4,1623.44,0.0
1912,637,4,2,21493.75,0.0
1913,638,57,2,2460.95,0.0
1914,638,28,3,26363.69,0.0
1915,639,79,4,20027.21,0.1
1916,640,72,4,34598.83,0.0
1917,640,71,5,10320.51,0.15
1918,640,73,4,9526.79,0.15
1919,640,25,4,63155.9,0.05
1920,641,34,3,12210.05,0.0
1921,641,56,3,1713.49,0.15
1922,641,48,3,7491.22,0.0
1923,642,42,5,10500.79,0.15
1924,642,32,2,4184.77,0.0
1925,643,61,2,17645.56,0.05
1926,643,69,5,5262.92,0.0
1927,643,41,4,15894.59,0.05
1928,643,14,5,7521.16,0.0
1929,643,78,4,6812.98,0.15
1930,644,64,2,2352.46,0.0
1931,644,76,5,4154.57,0.1
1932,644,56,5,1713.49,0.0
1933,644,9,3,24443.59,0.1
1934,645,9,1,24443.59,0.05
1935,645,46,5,26377.33,0.05
1936,646,77,4,5389.81,0.1
1937,647,51,4,21729.72,0.05
1938,647,28,5,26363.69,0.05
1939,648,30,4,2600.54,0.0
1940,648,73,5,9526.79,0.15
1941,648,66,3,10173.79,0.0
1942,649,7,5,6191.08,0.0
1943,649,46,5,26377.33,0.1
1944,649,76,2,4154.57,0.0
1945,649,16,2,83163.25,0.15
1946,649,10,2,45504.23,0.0
1947,650,64,1,2352.46,0.05
1948,651,13,4,2378.53,0.15
1949,652,53,3,10550.89,0.0
1950,652,49,1,10412.49,0.05
1951,652,61,3,17645.56,0.0
1952,652,18,4,7134.98,0.05
1953,653,12,2,11169.67,0.0
1954,653,24,3,2933.35,0.0
1955,653,34,3,12210.05,0.1
1956,653,52,1,3501.14,0.15
1957,654,3,5,11718.36,0.0
1958,654,78,3,6812.98,0.0
1959,654,8,2,1138.19,0.0
1960,655,2,1,4441.59,0.15
1961,655,1,5,2607.87,0.05
1962,655,42,1,10500.79,0.0
1963,655,50,2,10649.28,0.15
1964,655,40,4,15862.71,0.0
1965,656,28,3,26363.69,0.15
1966,656,45,2,7026.99,0.1
1967,656,13,2,2378.53,0.15
1968,656,20,2,2795.36,0.1
1969,656,77,1,5389.81,0.15
1970,657,69,1,5262.92,0.05
1971,658,14,5,7521.16,0.15
1972,658,45,2,7026.99,0.0
1973,658,24,4,2933.35,0.0
1974,659,20,4,2795.36,0.1
1975,659,79,1,20027.21,0.15
1976,659,44,1,9251.21,0.05
1977,659,59,2,6537.92,0.05
1978,659,71,2,10320.51,0.0
1979,660,25,1,63155.9,0.1
1980,660,52,5,3501.14,0.0
1981,660,6,5,4331.85,0.0
1982,660,46,3,26377.33,0.15
1983,661,74,2,2937.83,0.05
1984,661,69,3,5262.92,0.0
1985,661,67,4,48132.16,0.0
1986,661,51,3,21729.72,0.1
1987,661,70,4,4690.27,0.1
1988,662,11,3,38638.31,0.15
1989,662,63,4,3932.48,0.15
1990,662,4,4,21493.75,0.05
1991,662,14,4,7521.16,0.05
1992,663,68,1,16395.12,0.0
1993,664,40,5,15862.71,0.15
1994,665,23,1,4561.96,0.05
1995,665,41,4,15894.59,0.0
1996,665,7,3,6191.08,0.15
1997,665,69,1,5262.92,0.1
1998,665,4,5,21493.75,0.15
1999,666,66,1,10173.79,0.0
2000,666,48,1,7491.22,0.1
2001,667,29,1,14888.01,0.0
2002,667,41,4,15894.59,0.0
2003,668,79,1,20027.21,0.05
2004,668,2,1,4441.59,0.0
2005,668,6,3,4331.85,0.0
2006,668,49,4,10412.49,0.0
2007,668,27,3,9025.55,0.1
2008,669,20,2,2795.36,0.15
2009,670,80,4,14416.0,0.15
2010,670,34,3,12210.05,0.0
2011,671,53,4,10550.89,0.1
2012,671,2,3,4441.59,0.0
2013,671,54,4,7273.55,0.05
2014,672,2,2,4441.59,0.0
2015,672,51,1,21729.72,0.0
2016,672,6,2,4331.85,0.1
2017,672,58,1,7540.1,0.0
2018,672,17,5,3232.18,0.05
2019,673,33,3,8606.33,0.15
2020,673,51,3,21729.72,0.05
2021,674,34,1,12210.05,0.15
2022,674,14,4,7521.16,0.0
2023,674,16,2,83163.25,0.15
2024,674,51,1,21729.72,0.1
2025,674,26,4,11112.29,0.0
2026,675,30,1,2600.54,0.1
2027,676,11,2,38638.31,0.1
2028,676,9,5,24443.59,0.05
2029,677,19,5,14064.73,0.0
2030,677,57,2,2460.95,0.05
2031,677,77,1,5389.81,0.15
2032,677,6,1,4331.85,0.0
2033,678,33,4,8606.33,0.0
2034,678,23,1,4561.96,0.1
2035,678,45,4,7026.99,0.0
2036,679,65,2,10926.0,0.0
2037,679,9,3,24443.59,0.1
2038,679,29,1,14888.01,0.1
2039,680,32,5,4184.77,0.15
2040,681,72,5,34598.83,0.05
2041,681,21,1,2972.3,0.0
2042,681,19,1,14064.73,0.1
2043,682,69,3,5262.92,0.0
2044,682,3,2,11718.36,0.0
2045,682,80,2,14416.0,0.0
2046,682,22,4,14987.28,0.0
2047,682,42,5,10500.79,0.0
2048,683,73,5,9526.79,0.15
2049,683,16,1,83163.25,0.0
2050,683,29,4,14888.01,0.15
2051,683,5,4,82882.71,0.05
2052,684,50,3,10649.28,0.05
2053,684,58,4,7540.1,0.1
2054,684,31,2,2127.01,0.1
2055,684,63,5,3932.48,0.05
2056,684,79,2,20027.21,0.0
2057,685,23,2,4561.96,0.05
2058,685,50,1,10649.28,0.1
2059,685,33,3,8606.33,0.0
2060,686,59,4,6537.92,0.15
2061,687,52,3,3501.14,0.0
2062,687,17,4,3232.18,0.1
2063,688,59,4,6537.92,0.05
2064,688,58,3,7540.1,0.05
2065,688,57,4,2460.95,0.0
2066,688,50,5,10649.28,0.0
2067,689,28,5,26363.69,0.0
2068,689,25,5,63155.9,0.05
2069,690,71,2,10320.51,0.1
2070,690,53,2,10550.89,0.1
2071,690,48,1,7491.22,0.15
2072,690,40,4,15862.71,0.05
2073,691,53,5,10550.89,0.0
2074,691,7,4,6191.08,0.15
2075,691,26,4,11112.29,0.0
2076,691,28,4,26363.69,0.0
2077,691,44,2,9251.21,0.1
2078,692,23,5,4561.96,0.0
2079,692,35,2,97382.34,0.1
2080,692,73,3,9526.79,0.1
2081,692,20,2,2795.36,0.0
2082,692,52,4,3501.14,0.05
2083,693,79,1,20027.21,0.0
2084,693,68,1,16395.12,0.0
2085,693,5,3,82882.71,0.0
2086,693,13,3,2378.53,0.05
2087,693,9,2,24443.59,0.0
2088,694,40,3,15862.71,0.15
2089,694,9,3,24443.59,0.15
2090,695,61,3,17645.56,0.0
2091,695,44,5,9251.21,0.0
2092,695,23,2,4561.96,0.0
2093,695,38,4,6657.74,0.0
2094,696,80,4,14416.0,0.05
2095,696,53,2,10550.89,0.0
2096,696,21,2,2972.3,0.1
2097,696,72,1,34598.83,0.0
2098,696,71,2,10320.51,
2099,697,49,5,10412.49,0.05
2100,697,62,4,4112.86,0.15
2101,697,22,5,14987.28,0.0
2102,697,3,4,11718.36,0.0
2103,698,73,3,9526.79,0.0
2104,698,45,2,7026.99,0.0
2105,698,44,5,9251.21,0.05
2106,698,11,4,38638.31,0.0
2107,699,26,3,11112.29,0.05
2108,700,46,5,26377.33,0.1
2109,701,80,5,14416.0,0.1
2110,702,47,2,4179.71,0.15
2111,702,33,3,8606.33,0.15
2112,703,63,3,3932.48,0.0
2113,704,31,3,2127.01,0.05
2114,705,56,4,1713.49,0.0
2115,705,44,3,9251.21,0.15
2116,705,6,1,4331.85,0.0
2117,705,35,5,97382.34,0.0
2118,706,3,4,11718.36,0.1
2119,706,39,1,47226.71,0.05
2120,706,49,4,10412.49,0.05
2121,706,26,3,11112.29,0.15
2122,706,61,4,17645.56,0.1
2123,707,17,5,3232.18,0.0
2124,707,45,4,7026.99,0.05
2125,707,34,3,12210.05,0.0
2126,708,11,1,38638.31,0.0
2127,708,41,1,15894.59,0.0
2128,708,66,1,10173.79,0.0
2129,708,15,3,8435.07,0.0
2130,709,74,1,2937.83,0.0
2131,709,31,1,2127.01,0.0
2132,710,80,5,14416.0,0.1
2133,710,10,3,45504.23,0.0
2134,710,20,5,2795.36,0.0
2135,711,18,2,7134.98,0.0
2136,712,12,4,11169.67,0.0
2137,712,1,2,2607.87,0.0
2138,713,50,3,10649.28,0.15
2139,714,61,4,17645.56,0.15
2140,714,26,2,11112.29,0.1
2141,715,76,2,4154.57,0.15
2142,715,8,1,1138.19,0.0
2143,715,57,2,2460.95,0.0
2144,716,19,2,14064.73,0.0
2145,716,70,1,4690.27,0.0
2146,716,74,2,2937.83,0.05
2147,717,21,5,2972.3,0.05
2148,717,51,5,21729.72,0.1
2149,718,37,2,28508.66,0.15
2150,718,28,1,26363.69,0.05
2151,718,55,3,5245.76,0.0
2152,718,33,1,8606.33,0.0
2153,718,45,1,7026.99,0.1
2154,719,8,1,1138.19,0.1
2155,719,80,1,14416.0,0.0
2156,719,56,3,1713.49,0.15
2157,720,78,3,6812.98,0.05
2158,720,9,4,24443.59,0.05
2159,720,73,4,9526.79,0.05
2160,721,39,2,47226.71,0.0
2161,721,63,5,3932.48,0.0
2162,721,41,1,15894.59,0.05
2163,721,70,4,4690.27,0.1
2164,722,42,2,10500.79,0.0
2165,722,52,4,3501.14,0.1
2166,722,60,1,1661.3,0.0
2167,722,58,3,7540.1,0.1
2168,723,52,1,3501.14,0.1
2169,723,47,2,4179.71,0.0
2170,724,24,4,2933.35,0.0
2171,724,28,3,26363.69,0.05
2172,724,13,2,2378.53,0.0
2173,724,3,4,11718.36,0.1
2174,724,51,2,21729.72,0.05
2175,725,36,4,1623.44,0.1
2176,725,30,4,2600.54,0.0
2177,725,25,4,63155.9,0.0
2178,725,63,3,3932.48,0.0
2179,725,78,1,6812.98,0.05
2180,726,78,5,6812.98,0.1
2181,726,38,2,6657.74,0.1
2182,726,19,4,14064.73,0.0
2183,726,31,3,2127.01,0.0
2184,727,40,5,15862.71,0.0
2185,727,80,5,14416.0,0.0
2186,727,55,5,5245.76,0.05
2187,728,48,4,7491.22,0.0
2188,728,17,1,3232.18,0.1
2189,728,73,3,9526.79,0.1
2190,729,27,2,9025.55,0.05
2191,729,42,4,10500.79,0.05
2192,730,44,3,9251.21,0.15
2193,730,74,2,2937.83,0.15
2194,730,43,5,118478.99,0.0
2195,730,25,2,63155.9,0.1
2196,730,17,5,3232.18,0.1
2197,731,41,5,15894.59,0.0
2198,732,19,5,14064.73,0.1
2199,732,80,4,14416.0,0.15
2200,732,42,3,10500.79,0.0
2201,732,11,4,38638.31,0.1
2202,733,36,3,1623.44,0.0
2203,733,19,4,14064.73,0.0
2204,734,1,3,2607.87,0.15
2205,734,42,4,10500.79,0.15
2206,735,35,4,97382.34,0.05
2207,735,41,5,15894.59,0.15
2208,736,25,5,63155.9,0.0
2209,736,77,3,5389.81,0.0
2210,737,68,3,16395.12,0.0
2211,737,65,4,10926.0,0.1
2212,738,39,3,47226.71,0.0
2213,739,38,1,6657.74,0.1
2214,739,4,1,21493.75,0.05
2215,740,19,2,14064.73,0.15
2216,740,58,4,7540.1,0.05
2217,740,49,1,10412.49,0.05
2218,740,72,4,34598.83,0.05
2219,741,78,3,6812.98,0.0
2220,741,59,5,6537.92,0.0
2221,742,3,3,11718.36,0.15
2222,742,16,4,83163.25,0.05
2223,742,7,2,6191.08,0.05
2224,743,71,4,10320.51,0.0
2225,743,4,3,21493.75,0.15
2226,743,56,1,1713.49,0.05
2227,743,42,3,10500.79,0.15
2228,744,6,1,4331.85,0.0
2229,744,66,2,10173.79,0.0
2230,744,8,1,1138.19,0.15
2231,744,17,2,3232.18,0.0
2232,744,64,1,2352.46,0.05
2233,745,44,3,9251.21,0.0
2234,745,11,4,38638.31,0.1
2235,745,53,5,10550.89,0.0
2236,746,54,2,7273.55,0.1
2237,746,51,2,21729.72,0.0
2238,746,20,3,2795.36,0.0
2239,746,71,2,10320.51,0.0
2240,746,12,5,11169.67,0.0
2241,747,29,4,14888.01,0.0
2242,748,29,2,14888.01,0.0
2243,749,65,3,10926.0,0.1
2244,749,41,4,15894.59,0.0
2245,750,38,1,6657.74,0.0
2246,750,64,2,2352.46,0.15
2247,750,4,1,21493.75,0.0
2248,750,54,2,7273.55,0.15
2249,750,71,4,10320.51,0.0
2250,751,11,5,38638.31,0.0
2251,751,75,4,2753.32,0.0
2252,751,48,2,7491.22,0.15
2253,752,80,3,14416.0,0.05
2254,753,48,5,7491.22,0.05
2255,753,66,3,10173.79,0.0
2256,753,50,3,10649.28,0.05
2257,753,21,4,2972.3,0.0
2258,753,26,3,11112.29,0.1
2259,754,58,5,7540.1,0.15
2260,755,27,4,9025.55,0.0
2261,755,24,2,2933.35,0.0
2262,755,15,5,8435.07,0.05
2263,755,6,2,4331.85,0.15
2264,756,47,2,4179.71,0.15
2265,756,60,3,1661.3,0.0
2266,756,7,5,6191.08,0.0
2267,757,2,3,4441.59,0.0
2268,757,28,4,26363.69,0.1
2269,757,24,3,2933.35,0.1
2270,758,78,5,6812.98,0.15
2271,758,22,3,14987.28,0.0
2272,758,63,1,3932.48,0.15
2273,758,62,1,4112.86,0.0
2274,759,80,1,14416.0,0.0
2275,760,1,4,2607.87,0.15
2276,760,39,2,47226.71,0.0
2277,760,57,1,2460.95,
2278,761,25,3,63155.9,0.0
2279,761,55,3,5245.76,0.1
2280,762,39,1,47226.71,0.0
2281,763,19,2,14064.73,0.0
2282,763,34,1,12210.05,0.1
2283,763,59,2,6537.92,0.0
2284,764,12,2,11169.67,0.1
2285,765,72,1,34598.83,0.0
2286,765,35,2,97382.34,0.0
2287,765,3,4,11718.36,0.1
2288,765,73,1,9526.79,0.0
2289,765,62,4,4112.86,0.1
2290,766,53,1,10550.89,0.0
2291,766,23,3,4561.96,0.05
2292,766,2,4,4441.59,0.0
2293,766,74,3,2937.83,0.0
2294,767,25,1,63155.9,0.0
2295,767,31,5,2127.01,0.1
2296,767,58,5,7540.1,0.1
2297,768,7,3,6191.08,0.0
2298,768,37,5,28508.66,0.05
2299,769,61,3,17645.56,0.15
2300,769,70,5,4690.27,0.0
2301,769,21,3,2972.3,0.05
2302,769,48,4,7491.22,0.0
2303,770,52,2,3501.14,0.1
2304,770,48,5,7491.22,0.1
2305,770,60,3,1661.3,0.1
2306,770,45,1,7026.99,0.15
2307,770,38,3,6657.74,0.0
2308,771,46,5,26377.33,0.0
2309,771,60,1,1661.3,0.05
2310,771,58,5,7540.1,0.0
2311,772,44,2,9251.21,0.1
2312,772,70,1,4690.27,0.1
2313,772,21,1,2972.3,0.15
2314,772,74,5,2937.83,0.0
2315,772,18,5,7134.98,0.0
2316,773,1,3,2607.87,0.1
2317,773,33,1,8606.33,0.05
2318,773,71,3,10320.51,0.15
2319,773,22,4,14987.28,0.15
2320,773,30,4,2600.54,0.0
2321,774,45,2,7026.99,0.0
2322,774,53,1,10550.89,0.15
2323,774,14,1,7521.16,0.1
2324,774,29,2,14888.01,0.0
2325,774,59,3,6537.92,0.0
2326,775,39,2,47226.71,0.0
2327,775,27,1,9025.55,0.0
2328,775,70,3,4690.27,0.0
2329,775,13,2,2378.53,0.0
2330,776,9,3,24443.59,0.1
2331,777,55,3,5245.76,0.1
2332,778,77,3,5389.81,0.05
2333,779,48,5,7491.22,0.15
2334,779,27,4,9025.55,0.15
2335,779,39,5,47226.71,0.0
2336,779,55,4,5245.76,0.0
2337,780,41,4,15894.59,0.1
2338,780,45,5,7026.99,0.0
2339,780,4,4,21493.75,0.15
2340,780,33,5,8606.33,0.05
2341,781,4,1,21493.75,0.1
2342,781,49,3,10412.49,0.15
2343,781,5,1,82882.71,0.0
2344,781,63,2,3932.48,0.0
2345,782,49,4,10412.49,0.0
2346,782,44,3,9251.21,0.05
2347,782,31,5,2127.01,0.1
2348,782,78,2,6812.98,0.15
2349,783,13,1,2378.53,0.15
2350,783,2,4,4441.59,0.0
2351,783,17,5,3232.18,0.0
2352,783,76,4,4154.57,0.05
2353,784,50,1,10649.28,0.15
2354,784,69,4,5262.92,0.0
2355,784,7,4,6191.08,0.05
2356,784,33,2,8606.33,0.0
2357,784,75,3,2753.32,0.15
2358,785,55,1,5245.76,0.0
2359,785,15,4,8435.07,0.1
2360,785,20,2,2795.36,0.0
2361,786,23,2,4561.96,0.0
2362,786,49,3,10412.49,0.15
2363,786,6,4,4331.85,0.0
2364,786,39,4,47226.71,0.0
2365,787,22,2,14987.28,0.0
2366,788,73,4,9526.79,0.0
2367,788,4,5,21493.75,0.05
2368,788,57,5,2460.95,0.0
2369,788,64,4,2352.46,0.1
2370,788,47,1,4179.71,0.05
2371,789,72,3,34598.83,0.05
2372,789,55,4,5245.76,0.1
2373,789,9,5,24443.59,0.0
2374,789,12,2,11169.67,0.0
2375,790,21,1,2972.3,0.15
2376,791,26,5,11112.29,0.05
2377,791,58,5,7540.1,0.05
2378,792,9,1,24443.59,0.15
2379,792,24,1,2933.35,0.0
2380,792,75,2,2753.32,0.0
2381,792,53,3,10550.89,0.0
2382,793,2,1,4441.59,0.0
2383,793,48,5,7491.22,0.05
2384,793,8,5,1138.19,0.15
2385,793,66,1,10173.79,0.05
2386,794,41,4,15894.59,0.0
2387,794,32,2,4184.77,0.1
2388,795,62,4,4112.86,0.15
2389,795,28,5,26363.69,0.0
2390,795,13,2,2378.53,0.0
2391,795,23,5,4561.96,0.0
2392,796,62,5,4112.86,0.0
2393,797,22,3,14987.28,0.1
2394,797,32,1,4184.77,0.1
2395,797,53,1,10550.89,0.05
2396,797,47,4,4179.71,0.0
2397,797,29,2,14888.01,0.05
2398,798,58,4,7540.1,0.15
2399,798,78,5,6812.98,0.1
2400,798,29,2,14888.01,0.0
2401,798,17,5,3232.18,0.15
2402,799,64,5,2352.46,0.0
2403,799,10,4,45504.23,0.0
2404,799,56,5,1713.49,0.0
2405,800,6,3,4331.85,0.1
2406,800,48,3,7491.22,0.1
2407,801,39,3,47226.71,0.05
2408,801,69,4,5262.92,0.15
2409,801,78,4,6812.98,0.1
2410,802,72,4,34598.83,0.05
2411,802,78,1,6812.98,0.1
2412,802,77,3,5389.81,0.15
2413,802,74,5,2937.83,0.15
2414,802,18,1,7134.98,0.05
2415,803,35,5,97382.34,0.0
2416,803,37,3,28508.66,0.05
2417,803,77,2,5389.81,0.15
2418,804,45,2,7026.99,0.05
2419,804,40,5,15862.71,0.1
2420,805,34,2,12210.05,0.15
2421,805,77,2,5389.81,0.05
2422,805,55,2,5245.76,0.05
2423,806,71,5,10320.51,0.0
2424,806,42,1,10500.79,0.05
2425,806,27,2,9025.55,0.0
2426,806,60,5,1661.3,0.05
2427,806,75,2,2753.32,0.1
2428,807,32,3,4184.77,0.15
2429,807,51,4,21729.72,0.15
2430,807,62,3,4112.86,0.0
2431,808,78,1,6812.98,0.1
2432,808,10,5,45504.23,0.1
2433,808,33,1,8606.33,0.0
2434,809,33,4,8606.33,0.15
2435,809,64,5,2352.46,0.05
2436,810,73,4,9526.79,0.1
2437,810,54,5,7273.55,0.0
2438,810,26,4,11112.29,0.1
2439,810,35,4,97382.34,0.05
2440,810,7,1,6191.08,0.0
2441,811,16,1,83163.25,0.0
2442,811,47,1,4179.71,0.05
2443,812,71,5,10320.51,0.05
2444,813,13,2,2378.53,0.0
2445,813,55,5,5245.76,0.0
2446,814,15,3,8435.07,0.15
2447,815,37,2,28508.66,0.0
2448,815,56,5,1713.49,0.15
2449,815,31,5,2127.01,0.05
2450,816,46,5,26377.33,0.05
2451,816,31,2,2127.01,0.0
2452,816,20,4,2795.36,0.0
2453,816,3,5,11718.36,0.15
2454,816,71,1,10320.51,0.0
2455,817,74,5,2937.83,0.05
2456,818,16,2,83163.25,0.0
2457,818,13,4,2378.53,0.15
2458,818,32,2,4184.77,0.0
2459,818,53,2,10550.89,0.05
2460,819,1,2,2607.87,0.05
2461,820,75,2,2753.32,0.0
2462,820,77,1,5389.81,0.0
2463,820,50,4,10649.28,0.1
2464,820,58,4,7540.1,0.0
2465,821,79,3,20027.21,0.0
2466,821,49,4,10412.49,0.1
2467,821,3,5,11718.36,0.05
2468,821,70,3,4690.27,0.0
2469,822,65,5,10926.0,0.0
2470,822,79,3,20027.21,0.0
2471,822,50,1,10649.28,0.15
2472,822,57,4,2460.95,0.0
2473,823,27,4,9025.55,0.05
2474,823,28,2,26363.69,0.05
2475,823,41,2,15894.59,0.1
2476,823,46,5,26377.33,0.1
2477,824,73,2,9526.79,0.0
2478,825,3,3,11718.36,0.1
2479,825,50,1,10649.28,0.1
2480,825,74,4,2937.83,0.1
2481,825,45,4,7026.99,0.0
2482,826,33,3,8606.33,0.05
2483,826,45,4,7026.99,0.0
2484,826,30,2,2600.54,0.0
2485,826,35,5,97382.34,0.15
2486,827,68,1,16395.12,0.0
2487,827,26,1,11112.29,0.0
2488,827,5,1,82882.71,0.15
2489,827,49,5,10412.49,0.0
2490,827,47,3,4179.71,0.0
2491,828,33,4,8606.33,0.05
2492,828,58,2,7540.1,0.0
2493,828,20,4,2795.36,0.05
2494,828,38,2,6657.74,0.15
2495,828,19,1,14064.73,0.0
2496,829,80,1,14416.0,0.15
2497,830,37,4,28508.66,0.1
2498,830,71,2,10320.51,0.0
2499,831,26,5,11112.29,0.0
2500,832,13,3,2378.53,0.0
2501,833,16,2,83163.25,0.15
2502,833,60,2,1661.3,0.0
2503,833,71,1,10320.51,0.05
2504,833,48,2,7491.22,0.05
2505,833,23,5,4561.96,0.0
2506,834,65,1,10926.0,0.1
2507,834,8,2,1138.19,0.0
2508,834,51,2,21729.72,0.15
2509,834,18,3,7134.98,0.15
2510,834,22,3,14987.28,0.1
2511,835,59,1,6537.92,0.0
2512,835,23,2,4561.96,0.15
2513,836,9,4,24443.59,0.0
2514,837,37,4,28508.66,0.15
2515,838,51,5,21729.72,0.1
2516,838,71,5,10320.51,0.05
2517,838,70,5,4690.27,0.15
2518,838,52,4,3501.14,0.05
2519,839,53,1,10550.89,0.0
2520,839,22,1,14987.28,0.15
2521,839,65,3,10926.0,0.05
2522,839,64,1,2352.46,0.15
2523,839,17,4,3232.18,0.1
2524,840,39,4,47226.71,0.0
2525,840,48,1,7491.22,0.0
2526,840,4,4,21493.75,0.0
2527,840,41,4,15894.59,0.15
2528,841,39,2,47226.71,0.0
2529,841,51,1,21729.72,0.0
2530,842,33,4,8606.33,0.05
2531,842,63,2,3932.48,0.1
2532,842,52,2,3501.14,0.1
2533,842,60,1,1661.3,0.0
2534,843,13,3,2378.53,0.0
2535,843,38,3,6657.74,0.1
2536,844,56,3,1713.49,0.15
2537,844,10,5,45504.23,0.1
2538,844,77,1,5389.81,0.1
2539,844,38,1,6657.74,0.05
2540,845,25,2,63155.9,0.0
2541,845,40,1,15862.71,0.0
2542,845,65,5,10926.0,0.05
2543,846,4,5,21493.75,0.0
2544,847,48,5,7491.22,0.1
2545,847,4,3,21493.75,0.15
2546,847,58,3,7540.1,0.05
2547,847,52,3,3501.14,0.0
2548,847,43,5,118478.99,0.15
2549,848,57,4,2460.95,0.1
2550,849,5,2,82882.71,0.1
2551,849,71,3,10320.51,0.1
2552,849,73,3,9526.79,0.0
2553,849,65,2,10926.0,0.0
2554,849,9,1,24443.59,0.15
2555,850,36,1,1623.44,0.05
2556,850,51,1,21729.72,0.0
2557,850,29,2,14888.01,0.1
2558,850,6,5,4331.85,0.0
2559,851,20,3,2795.36,0.0
2560,851,55,1,5245.76,0.0
2561,851,71,2,10320.51,0.0
2562,851,73,3,9526.79,0.1
2563,852,29,4,14888.01,0.0
2564,853,15,5,8435.07,0.05
2565,853,11,4,38638.31,0.05
2566,853,59,5,6537.92,0.15
2567,853,44,5,9251.21,0.05
2568,854,68,5,16395.12,0.05
2569,854,20,5,2795.36,0.0
2570,854,76,2,4154.57,0.0
2571,855,62,3,4112.86,0.1
2572,855,35,4,97382.34,0.0
2573,855,43,5,118478.99,0.05
2574,855,66,3,10173.79,0.0
2575,856,72,2,34598.83,0.0
2576,856,29,4,14888.01,0.0
2577,857,70,5,4690.27,0.05
2578,858,52,3,3501.14,0.0
2579,858,54,2,7273.55,0.0
2580,858,73,5,9526.79,0.1
2581,858,43,1,118478.99,0.05
2582,859,56,4,1713.49,0.1
2583,860,54,1,7273.55,0.05
2584,860,61,3,17645.56,0.0
2585,861,31,5,2127.01,0.0
2586,861,63,4,3932.48,0.1
2587,861,51,2,21729.72,0.05
2588,862,79,3,20027.21,0.0
2589,862,22,5,14987.28,0.05
2590,863,49,5,10412.49,0.1
2591,863,11,4,38638.31,0.0
2592,863,13,2,2378.53,0.0
2593,863,2,1,4441.59,0.1
2594,863,20,2,2795.36,0.0
2595,864,38,3,6657.74,0.15
2596,864,47,1,4179.71,0.0
2597,865,40,1,15862.71,0.0
2598,865,43,5,118478.99,0.0
2599,866,79,1,20027.21,0.0
2600,867,51,1,21729.72,0.05
2601,867,63,5,3932.48,0.05
2602,868,68,1,16395.12,0.1
2603,868,10,5,45504.23,0.05
2604,868,79,2,20027.21,0.15
2605,868,37,1,28508.66,0.1
2606,868,18,5,7134.98,0.0
2607,869,5,2,82882.71,0.1
2608,869,51,4,21729.72,0.05
2609,869,44,5,9251.21,0.05
2610,870,52,3,3501.14,0.05
2611,870,54,2,7273.55,0.0
2612,870,31,4,2127.01,0.0
2613,871,5,1,82882.71,0.15
2614,871,11,1,38638.31,0.0
2615,872,58,2,7540.1,0.0
2616,873,37,3,28508.66,0.05
2617,874,31,5,2127.01,0.15
2618,874,62,3,4112.86,0.0
2619,874,56,4,1713.49,0.0
2620,874,53,3,10550.89,0.0
2621,874,16,4,83163.25,0.0
2622,875,9,3,24443.59,0.1
2623,875,7,2,6191.08,0.1
2624,875,5,4,82882.71,0.1
2625,876,58,4,7540.1,0.05
2626,876,18,5,7134.98,0.0
2627,876,42,1,10500.79,0.0
2628,877,54,3,7273.55,0.0
2629,877,12,1,11169.67,0.0
2630,877,63,2,3932.48,0.15
2631,878,64,1,2352.46,0.0
2632,878,36,3,1623.44,0.05
2633,878,26,5,11112.29,0.05
2634,878,24,3,2933.35,0.0
2635,878,54,1,7273.55,0.1
2636,879,26,3,11112.29,0.15
2637,879,28,4,26363.69,0.15
2638,879,19,5,14064.73,0.15
2639,879,43,5,118478.99,0.0
2640,879,65,4,10926.0,0.0
2641,880,76,4,4154.57,0.0
2642,880,71,3,10320.51,0.05
2643,880,38,1,6657.74,0.1
2644,880,69,5,5262.92,0.0
2645,881,54,2,7273.55,0.05
2646,881,60,5,1661.3,0.0
2647,881,78,4,6812.98,0.05
2648,881,74,3,2937.83,0.0
2649,882,75,4,2753.32,0.05
2650,882,33,1,8606.33,0.15
2651,883,6,4,4331.85,0.0
2652,883,29,4,14888.01,0.0
2653,884,7,5,6191.08,0.1
2654,884,10,1,45504.23,0.15
2655,884,36,3,1623.44,0.15
2656,884,69,1,5262.92,0.1
2657,885,28,2,26363.69,0.1
2658,885,69,5,5262.92,0.05
2659,885,71,2,10320.51,0.15
2660,885,37,2,28508.66,0.0
2661,885,15,4,8435.07,0.0
2662,886,32,1,4184.77,0.0
2663,886,62,3,4112.86,0.0
2664,886,3,3,11718.36,0.05
2665,887,21,1,2972.3,0.05
2666,887,55,3,5245.76,0.15
2667,887,27,5,9025.55,0.0
2668,887,47,1,4179.71,0.0
2669,888,1,2,2607.87,0.0
2670,889,23,3,4561.96,
2671,889,15,5,8435.07,0.15
2672,889,58,4,7540.1,0.15
2673,890,62,5,4112.86,0.05
2674,891,46,1,26377.33,0.05
2675,892,50,5,10649.28,0.05
2676,892,25,1,63155.9,0.15
2677,893,9,2,24443.59,0.0
2678,894,21,2,2972.3,0.1
2679,894,67,3,48132.16,0.0
2680,894,69,3,5262.92,0.1
2681,895,14,2,7521.16,0.0
2682,895,66,5,10173.79,0.1
2683,895,52,5,3501.14,0.0
2684,895,28,2,26363.69,0.1
2685,896,59,1,6537.92,0.0
2686,896,50,4,10649.28,0.0
2687,896,42,1,10500.79,0.15
2688,896,48,3,7491.22,0.0
2689,896,26,3,11112.29,0.05
2690,897,1,2,2607.87,0.0
2691,897,41,5,15894.59,0.15
2692,897,60,5,1661.3,0.0
2693,897,11,5,38638.31,0.0
2694,898,64,5,2352.46,0.0
2695,898,71,3,10320.51,0.0
2696,898,44,3,9251.21,0.15
2697,898,16,4,83163.25,0.05
2698,899,14,1,7521.16,0.05
2699,900,34,2,12210.05,0.05
2700,900,49,3,10412.49,0.1
2701,901,68,3,16395.12,0.0
2702,902,40,1,15862.71,0.05
2703,902,39,3,47226.71,0.0
2704,902,53,1,10550.89,0.0
2705,902,3,5,11718.36,0.15
2706,903,13,3,2378.53,0.0
2707,903,47,2,4179.71,0.15
2708,903,15,2,8435.07,0.15
2709,903,34,1,12210.05,0.0
2710,903,43,1,118478.99,0.05
2711,904,71,5,10320.51,0.15
2712,904,70,5,4690.27,0.05
2713,904,11,5,38638.31,0.05
2714,905,52,1,3501.14,0.05
2715,906,12,2,11169.67,0.0
2716,906,43,1,118478.99,0.15
2717,906,35,1,97382.34,0.0
2718,906,7,4,6191.08,0.0
2719,907,47,3,4179.71,0.0
2720,907,52,5,3501.14,0.15
2721,907,70,2,4690.27,0.0
2722,907,14,3,7521.16,0.0
2723,908,73,1,9526.79,0.1
2724,908,14,2,7521.16,0.0
2725,909,66,4,10173.79,0.0
2726,909,31,5,2127.01,0.05
2727,910,25,4,63155.9,0.0
2728,910,64,5,2352.46,0.1
2729,910,71,2,10320.51,0.15
2730,910,31,3,2127.01,0.05
2731,910,8,2,1138.19,0.1
2732,911,53,5,10550.89,0.0
2733,911,75,4,2753.32,0.05
2734,911,37,5,28508.66,0.1
2735,911,35,1,97382.34,0.0
2736,911,32,4,4184.77,0.15
2737,912,33,5,8606.33,0.0
2738,912,17,5,3232.18,0.0
2739,913,17,2,3232.18,0.0
2740,913,6,1,4331.85,0.0
2741,914,18,5,7134.98,0.0
2742,914,28,2,26363.69,0.0
2743,914,36,1,1623.44,0.1
2744,914,15,1,8435.07,0.05
2745,915,58,2,7540.1,0.0
2746,915,19,3,14064.73,0.05
2747,916,49,2,10412.49,0.0
2748,916,67,2,48132.16,0.1
2749,916,36,3,1623.44,0.0
2750,916,57,2,2460.95,0.1
2751,917,36,1,1623.44,0.1
2752,917,56,4,1713.49,0.0
2753,917,7,1,6191.08,0.0
2754,917,33,4,8606.33,0.15
2755,918,27,3,9025.55,0.0
2756,918,53,3,10550.89,0.05
2757,918,15,2,8435.07,0.1
2758,919,61,5,17645.56,0.0
2759,920,59,2,6537.92,0.05
2760,920,45,4,7026.99,0.1
2761,920,39,3,47226.71,0.0
2762,920,29,4,14888.01,0.0
2763,920,58,4,7540.1,0.0
2764,921,31,4,2127.01,0.1
2765,922,71,2,10320.51,0.0
2766,922,66,3,10173.79,0.05
2767,923,33,4,8606.33,0.0
2768,923,13,1,2378.53,0.15
2769,923,35,1,97382.34,0.0
2770,923,67,3,48132.16,0.05
2771,923,40,2,15862.71,0.15
2772,924,74,2,2937.83,0.0
2773,924,68,3,16395.12,0.15
2774,924,24,4,2933.35,0.15
2775,924,64,3,2352.46,0.0
2776,924,1,4,2607.87,0.0
2777,925,14,4,7521.16,0.05
2778,925,40,3,15862.71,0.15
2779,926,52,5,3501.14,0.15
2780,926,78,3,6812.98,0.0
2781,927,61,3,17645.56,0.0
2782,927,80,3,14416.0,0.05
2783,927,26,4,11112.29,0.0
2784,927,32,5,4184.77,0.05
2785,928,30,1,2600.54,0.0
2786,928,56,5,1713.49,0.0
2787,928,72,2,34598.83,0.1
2788,928,3,1,11718.36,0.0
2789,929,53,5,10550.89,0.1
2790,929,69,2,5262.92,0.0
2791,929,10,2,45504.23,0.0
2792,929,14,3,7521.16,0.0
2793,930,33,1,8606.33,0.15
2794,931,16,2,83163.25,0.0
2795,931,36,3,1623.44,0.0
2796,931,76,5,4154.57,0.0
2797,931,58,1,7540.1,0.05
2798,932,69,5,5262.92,0.0
2799,932,31,1,2127.01,0.1
2800,932,6,2,4331.85,0.1
2801,932,61,3,17645.56,0.0
2802,932,36,1,1623.44,0.15
2803,933,30,3,2600.54,0.05
2804,933,74,4,2937.83,0.15
2805,933,36,2,1623.44,0.0
2806,933,1,1,2607.87,0.15
2807,933,55,1,5245.76,0.05
2808,934,23,2,4561.96,0.0
2809,934,21,2,2972.3,0.0
2810,935,26,3,11112.29,0.1
2811,935,17,1,3232.18,0.1
2812,936,80,1,14416.0,0.0
2813,936,18,2,7134.98,0.05
2814,937,56,2,1713.49,0.1
2815,937,20,4,2795.36,0.0
2816,937,9,2,24443.59,0.05
2817,938,69,2,5262.92,0.1
2818,939,11,2,38638.31,0.0
2819,940,20,4,2795.36,0.0
2820,941,30,5,2600.54,
2821,941,22,5,14987.28,0.15
2822,941,35,3,97382.34,0.1
2823,941,67,2,48132.16,0.15
2824,942,73,5,9526.79,0.1
2825,942,28,3,26363.69,0.05
2826,942,58,3,7540.1,0.15
2827,942,55,2,5245.76,0.0
2828,942,23,2,4561.96,0.1
2829,943,49,1,10412.49,0.15
2830,943,69,1,5262.92,0.0
2831,943,60,1,1661.3,0.0
2832,944,15,2,8435.07,0.0
2833,944,72,5,34598.83,0.0
2834,944,62,5,4112.86,0.0
2835,944,51,2,21729.72,0.0
2836,944,75,1,2753.32,0.15
2837,945,70,1,4690.27,0.05
2838,945,10,5,45504.23,0.15
2839,945,31,1,2127.01,0.05
2840,945,69,3,5262.92,0.05
2841,945,71,5,10320.51,0.0
2842,946,6,4,4331.85,0.0
2843,946,55,2,5245.76,0.0
2844,947,67,2,48132.16,0.15
2845,948,10,3,45504.23,0.1
2846,948,55,2,5245.76,0.05
2847,948,70,3,4690.27,
2848,948,11,1,38638.31,0.0
2849,949,4,1,21493.75,0.0
2850,950,22,1,14987.28,0.0
2851,950,75,4,2753.32,0.0
2852,950,11,4,38638.31,0.15
2853,951,8,2,1138.19,0.05
2854,951,78,3,6812.98,0.1
2855,951,4,1,21493.75,0.15
2856,952,38,1,6657.74,0.15
2857,952,34,2,12210.05,
2858,952,21,5,2972.3,0.15
2859,953,37,2,28508.66,0.0
2860,953,63,3,3932.48,0.15
2861,953,67,5,48132.16,0.0
2862,953,10,3,45504.23,0.1
2863,954,6,1,4331.85,0.0
2864,954,65,5,10926.0,0.0
2865,954,56,1,1713.49,0.05
2866,954,60,2,1661.3,0.1
2867,955,44,5,9251.21,0.05
2868,955,12,5,11169.67,0.0
2869,955,47,4,4179.71,0.1
2870,956,16,5,83163.25,0.0
2871,956,31,3,2127.01,0.05
2872,956,53,1,10550.89,0.05
2873,956,20,3,2795.36,0.0
2874,956,35,5,97382.34,0.1
2875,957,71,1,10320.51,0.1
2876,958,53,2,10550.89,0.0
2877,959,78,5,6812.98,0.05
2878,959,79,1,20027.21,0.15
2879,959,72,5,34598.83,0.0
2880,959,59,2,6537.92,0.0
2881,960,35,1,97382.34,0.0
2882,961,33,5,8606.33,0.0
2883,961,68,3,16395.12,0.05
2884,961,16,2,83163.25,0.15
2885,961,72,4,34598.83,0.1
2886,962,67,4,48132.16,0.0
2887,962,25,5,63155.9,0.0
2888,963,35,2,97382.34,0.1
2889,963,32,5,4184.77,0.05
2890,963,20,2,2795.36,0.15
2891,963,9,5,24443.59,0.05
2892,964,39,4,47226.71,0.0
2893,964,21,3,2972.3,0.15
2894,964,3,4,11718.36,0.0
2895,964,32,1,4184.77,0.05
2896,965,11,4,38638.31,0.05
2897,965,60,4,1661.3,0.0
2898,965,6,3,4331.85,0.05
2899,966,6,2,4331.85,0.05
2900,966,24,3,2933.35,0.15
2901,966,52,2,3501.14,0.05
2902,967,3,4,11718.36,0.1
2903,967,11,3,38638.31,0.1
2904,968,38,5,6657.74,0.15
2905,968,66,1,10173.79,0.0
2906,968,74,1,2937.83,0.05
2907,969,72,5,34598.83,0.0
2908,969,65,3,10926.0,0.05
2909,970,60,1,1661.3,0.05
2910,970,79,1,20027.21,0.05
2911,971,38,2,6657.74,0.0
2912,972,27,2,9025.55,0.15
2913,972,46,3,26377.33,0.15
2914,973,16,2,83163.25,0.0
2915,973,51,1,21729.72,0.0
2916,973,29,5,14888.01,0.1
2917,974,60,2,1661.3,0.0
2918,974,16,5,83163.25,0.0
2919,974,70,2,4690.27,0.1
2920,974,7,2,6191.08,0.0
2921,974,78,4,6812.98,0.05
2922,975,6,1,4331.85,0.0
2923,975,53,1,10550.89,0.15
2924,976,64,5,2352.46,0.1
2925,976,42,5,10500.79,0.15
2926,976,50,1,10649.28,0.0
2927,976,13,2,2378.53,0.0
2928,976,60,1,1661.3,0.0
2929,977,14,2,7521.16,0.15
2930,977,43,5,118478.99,0.0
2931,977,54,2,7273.55,0.1
2932,977,15,3,8435.07,0.1
2933,977,71,4,10320.51,0.05
2934,978,77,1,5389.81,0.15
2935,978,16,2,83163.25,0.1
2936,978,54,3,7273.55,0.15
2937,979,18,3,7134.98,0.15
2938,979,8,1,1138.19,0.0
2939,979,10,5,45504.23,0.15
2940,980,14,2,7521.16,0.0
2941,980,70,4,4690.27,0.15
2942,980,38,4,6657.74,0.05
2943,981,76,2,4154.57,0.1
2944,982,22,2,14987.28,0.15
2945,982,21,5,2972.3,0.15
2946,983,10,4,45504.23,0.05
2947,983,31,3,2127.01,0.05
2948,984,10,3,45504.23,0.0
2949,984,12,5,11169.67,0.15
2950,984,33,4,8606.33,0.0
2951,984,5,3,82882.71,0.0
2952,985,31,4,2127.01,0.1
2953,985,64,1,2352.46,0.15
2954,985,51,1,21729.72,0.0
2955,986,55,1,5245.76,0.0
2956,986,3,1,11718.36,0.15
2957,987,47,4,4179.71,0.15
2958,987,50,1,10649.28,0.0
2959,988,20,2,2795.36,0.0
2960,988,59,2,6537.92,0.0
2961,988,10,3,45504.23,0.05
2962,988,42,3,10500.79,0.0
2963,989,66,5,10173.79,0.0
2964,989,71,4,10320.51,0.1
2965,989,24,4,2933.35,0.15
2966,989,56,2,1713.49,0.15
2967,990,68,3,16395.12,0.0
2968,990,34,1,12210.05,0.0
2969,991,71,4,10320.51,0.0
2970,991,1,3,2607.87,0.05
2971,991,68,2,16395.12,0.1
2972,992,68,2,16395.12,0.05
2973,992,18,5,7134.98,0.0
2974,992,53,1,10550.89,0.0
2975,992,6,3,4331.85,0.1
2976,992,28,1,26363.69,0.15
2977,993,65,3,10926.0,0.15
2978,994,9,1,24443.59,0.1
2979,994,38,3,6657.74,0.15
2980,994,37,2,28508.66,0.1
2981,994,74,5,2937.83,0.15
2982,994,24,5,2933.35,0.1
2983,995,74,5,2937.83,0.1
2984,995,49,1,10412.49,0.15
2985,995,38,3,6657.74,0.0
2986,995,71,5,10320.51,0.05
2987,995,78,5,6812.98,0.1
2988,996,32,3,4184.77,0.0
2989,996,19,5,14064.73,0.05
2990,996,43,5,118478.99,0.15
2991,996,73,2,9526.79,0.0
2992,996,14,2,7521.16,0.0
2993,997,29,2,14888.01,0.1
2994,997,38,4,6657.74,0.15
2995,998,8,4,1138.19,0.0
2996,998,53,4,10550.89,0.0
2997,998,80,4,14416.0,0.1
2998,998,3,1,11718.36,0.1
2999,998,72,2,34598.83,0.0
3000,999,72,5,34598.83,0.0
3001,999,30,3,2600.54,0.15
3002,999,67,3,48132.16,0.0
3003,1000,18,3,7134.98,0.1
3004,1000,72,1,34598.83,0.0
3005,1000,3,5,11718.36,0.15
3006,1000,37,4,28508.66,0.05
3007,1000,1,1,2607.87,0.15
3008,1001,52,3,3501.14,0.15
3009,1001,76,2,4154.57,
3010,1002,12,5,11169.67,0.1
3011,1002,71,3,10320.51,0.1
3012,1002,49,1,10412.49,0.0
3013,1003,72,4,34598.83,0.1
3014,1004,19,2,14064.73,0.15
3015,1005,74,3,2937.83,0.0
3016,1005,44,3,9251.21,0.1
3017,1005,16,5,83163.25,0.0
3018,1006,76,5,4154.57,0.05
3019,1006,40,1,15862.71,0.0
3020,1007,62,1,4112.86,0.0
3021,1007,29,5,14888.01,0.1
3022,1008,51,4,21729.72,0.15
3023,1008,50,2,10649.28,0.0
3024,1008,9,1,24443.59,0.0
3025,1008,8,5,1138.19,0.05
3026,1008,15,1,8435.07,0.0
3027,1009,49,5,10412.49,0.0
3028,1010,36,3,1623.44,0.0
3029,1010,11,4,38638.31,0.1
3030,1010,38,2,6657.74,0.15
3031,1010,78,2,6812.98,0.15
3032,1010,10,4,45504.23,0.1
3033,1011,7,2,6191.08,0.05
3034,1011,48,3,7491.22,0.0
3035,1012,57,2,2460.95,0.0
3036,1012,77,4,5389.81,0.0
3037,1012,37,4,28508.66,0.1
3038,1012,51,2,21729.72,0.15
3039,1013,45,5,7026.99,0.0
3040,1013,3,4,11718.36,0.1
3041,1014,7,1,6191.08,0.05
3042,1014,21,1,2972.3,0.1
3043,1014,73,5,9526.79,0.15
3044,1014,78,3,6812.98,0.0
3045,1015,26,2,11112.29,0.0
3046,1015,59,2,6537.92,0.05
3047,1016,22,4,14987.28,0.0
3048,1016,26,4,11112.29,0.15
3049,1016,45,1,7026.99,0.1
3050,1017,27,2,9025.55,0.0
3051,1018,78,2,6812.98,0.0
3052,1019,15,5,8435.07,0.05
3053,1019,29,2,14888.01,0.1
3054,1019,55,4,5245.76,0.15
3055,1019,31,5,2127.01,0.05
3056,1020,16,1,83163.25,0.15
3057,1020,25,3,63155.9,0.05
3058,1020,28,3,26363.69,0.15
3059,1020,58,1,7540.1,0.0
3060,1021,42,5,10500.79,0.0
3061,1021,7,1,6191.08,0.1
3062,1021,19,3,14064.73,0.05
3063,1021,51,1,21729.72,0.0
3064,1021,38,4,6657.74,0.0
3065,1022,14,5,7521.16,0.0
3066,1022,51,2,21729.72,0.1
3067,1022,61,4,17645.56,0.15
3068,1023,24,1,2933.35,0.0
3069,1023,10,1,45504.23,0.1
3070,1024,69,5,5262.92,0.1
3071,1024,24,2,2933.35,0.15
3072,1024,14,5,7521.16,0.05
3073,1024,25,4,63155.9,0.15
3074,1024,34,4,12210.05,0.0
3075,1025,30,5,2600.54,0.0
3076,1025,70,5,4690.27,0.05
3077,1025,32,4,4184.77,0.0
3078,1025,15,3,8435.07,0.0
3079,1026,58,4,7540.1,0.1
3080,1026,3,1,11718.36,0.1
3081,1026,64,4,2352.46,0.0
3082,1026,76,4,4154.57,0.1
3083,1026,70,2,4690.27,0.1
3084,1027,19,5,14064.73,0.0
3085,1027,2,1,4441.59,0.0
3086,1027,47,2,4179.71,0.0
3087,1027,1,3,2607.87,0.05
3088,1027,49,2,10412.49,0.0
3089,1028,47,4,4179.71,0.0
3090,1028,2,3,4441.59,0.1
3091,1028,43,5,118478.99,0.0
3092,1028,70,1,4690.27,0.15
3093,1029,10,2,45504.23,0.05
3094,1029,74,5,2937.83,0.1
3095,1030,77,5,5389.81,0.05
3096,1030,6,2,4331.85,0.1
3097,1030,72,5,34598.83,0.15
3098,1030,76,5,4154.57,0.05
3099,1031,3,1,11718.36,0.15
3100,1031,21,2,2972.3,0.15
3101,1031,17,4,3232.18,0.15
3102,1031,5,3,82882.71,
3103,1031,43,3,118478.99,0.0
3104,1032,78,5,6812.98,0.15
3105,1032,44,1,9251.21,0.0
3106,1032,79,3,20027.21,0.05
3107,1033,70,4,4690.27,0.0
3108,1033,65,3,10926.0,0.0
3109,1033,59,2,6537.92,0.15
3110,1033,5,4,82882.71,0.1
3111,1034,62,1,4112.86,0.15
3112,1034,26,4,11112.29,0.05
3113,1034,70,4,4690.27,0.0
3114,1034,24,5,2933.35,0.0
3115,1035,64,5,2352.46,0.0
3116,1035,79,5,20027.21,0.15
3117,1035,69,4,5262.92,0.15
3118,1035,50,4,10649.28,0.0
3119,1036,41,5,15894.59,0.0
3120,1036,67,4,48132.16,0.0
3121,1037,41,2,15894.59,0.05
3122,1037,68,1,16395.12,0.05
3123,1037,1,1,2607.87,0.05
3124,1037,52,4,3501.14,0.1
3125,1037,24,5,2933.35,0.05
3126,1038,73,2,9526.79,0.05
3127,1038,5,5,82882.71,0.0
3128,1038,4,3,21493.75,0.05
3129,1038,16,3,83163.25,0.05
3130,1039,68,4,16395.12,0.15
3131,1039,51,4,21729.72,0.0
3132,1040,46,3,26377.33,0.0
3133,1040,79,2,20027.21,0.0
3134,1041,74,5,2937.83,0.15
3135,1041,35,1,97382.34,0.05
3136,1041,51,4,21729.72,0.0
3137,1041,29,3,14888.01,0.0
3138,1041,25,3,63155.9,0.0
3139,1042,44,5,9251.21,0.0
3140,1042,62,4,4112.86,0.15
3141,1042,23,2,4561.96,0.0
3142,1042,50,3,10649.28,0.15
3143,1042,22,5,14987.28,0.05
3144,1043,29,5,14888.01,0.0
3145,1044,51,5,21729.72,0.05
3146,1044,48,4,7491.22,0.15
3147,1044,47,3,4179.71,0.0
3148,1044,4,5,21493.75,0.05
3149,1044,63,4,3932.48,0.05
3150,1045,29,3,14888.01,0.15
3151,1045,1,1,2607.87,0.15
3152,1045,25,5,63155.9,
3153,1046,62,5,4112.86,0.1
3154,1047,7,5,6191.08,0.05
3155,1047,26,5,11112.29,0.0
3156,1048,5,2,82882.71,0.1
3157,1048,12,3,11169.67,0.0
3158,1048,47,3,4179.71,0.05
3159,1049,14,2,7521.16,0.05
3160,1049,42,5,10500.79,0.0
3161,1049,26,4,11112.29,0.1
3162,1049,28,5,26363.69,0.0
3163,1050,55,3,5245.76,0.0
3164,1050,58,1,7540.1,0.15
3165,1051,20,1,2795.36,0.0
3166,1051,14,3,7521.16,0.0
3167,1051,37,4,28508.66,0.1
3168,1052,68,1,16395.12,0.15
3169,1052,16,2,83163.25,0.1
3170,1052,76,1,4154.57,0.05
3171,1052,61,3,17645.56,0.0
3172,1052,72,2,34598.83,0.15
3173,1053,72,3,34598.83,0.15
3174,1053,45,4,7026.99,0.1
3175,1053,52,1,3501.14,0.05
3176,1053,21,5,2972.3,0.15
3177,1053,18,4,7134.98,0.1
3178,1054,57,4,2460.95,0.05
3179,1054,36,5,1623.44,0.05
3180,1054,39,3,47226.71,0.15
3181,1054,22,3,14987.28,0.15
3182,1054,18,4,7134.98,0.05
3183,1055,79,5,20027.21,0.0
3184,1055,37,3,28508.66,0.15
3185,1055,23,1,4561.96,0.0
3186,1056,43,1,118478.99,0.0
3187,1056,4,2,21493.75,0.05
3188,1056,18,3,7134.98,0.0
3189,1056,1,5,2607.87,0.0
3190,1057,31,2,2127.01,0.0
3191,1058,41,1,15894.59,0.05
3192,1058,9,3,24443.59,0.1
3193,1058,27,1,9025.55,0.15
3194,1059,55,2,5245.76,0.0
3195,1059,72,3,34598.83,0.05
3196,1060,67,4,48132.16,0.1
3197,1060,68,5,16395.12,0.15
3198,1060,79,4,20027.21,0.0
3199,1061,29,3,14888.01,0.1
3200,1061,55,2,5245.76,0.0
3201,1061,58,2,7540.1,0.05
3202,1061,57,5,2460.95,0.0
3203,1062,37,5,28508.66,0.0
3204,1062,27,2,9025.55,0.15
3205,1062,9,1,24443.59,0.0
3206,1063,9,2,24443.59,0.15
3207,1063,17,2,3232.18,0.0
3208,1064,80,4,14416.0,0.0
3209,1064,12,1,11169.67,0.15
3210,1064,8,2,1138.19,0.1
3211,1065,63,5,3932.48,
3212,1065,21,3,2972.3,0.0
3213,1065,27,5,9025.55,0.0
3214,1066,52,2,3501.14,0.0
3215,1066,67,3,48132.16,0.1
3216,1066,12,4,11169.67,0.05
3217,1066,59,3,6537.92,0.05
3218,1067,35,5,97382.34,0.0
3219,1067,62,3,4112.86,0.0
3220,1067,18,5,7134.98,0.0
3221,1067,49,5,10412.49,0.1
3222,1067,20,4,2795.36,0.15
3223,1068,14,1,7521.16,0.15
3224,1068,51,2,21729.72,0.1
3225,1069,61,2,17645.56,0.0
3226,1070,28,5,26363.69,0.0
3227,1070,26,1,11112.29,0.05
3228,1070,57,2,2460.95,0.0
3229,1070,73,2,9526.79,0.15
3230,1071,79,4,20027.21,0.05
3231,1071,28,5,26363.69,0.0
3232,1071,53,3,10550.89,0.0
3233,1071,22,5,14987.28,0.15
3234,1071,13,2,2378.53,0.0
3235,1072,42,2,10500.79,0.15
3236,1072,47,5,4179.71,0.0
3237,1073,72,4,34598.83,0.0
3238,1073,40,4,15862.71,0.1
3239,1073,35,4,97382.34,0.0
3240,1074,51,2,21729.72,0.0
3241,1074,38,5,6657.74,0.05
3242,1075,33,5,8606.33,0.0
3243,1075,74,2,2937.83,0.1
3244,1075,64,5,2352.46,0.15
3245,1076,1,4,2607.87,0.0
3246,1076,24,2,2933.35,0.0
3247,1076,74,3,2937.83,0.0
3248,1076,23,5,4561.96,0.1
3249,1077,64,2,2352.46,0.15
3250,1077,15,5,8435.07,0.15
3251,1077,28,2,26363.69,0.0
3252,1077,63,2,3932.48,0.0
3253,1077,42,1,10500.79,0.0
3254,1078,51,2,21729.72,0.0
3255,1078,7,1,6191.08,0.0
3256,1078,71,3,10320.51,0.15
3257,1079,78,5,6812.98,0.15
3258,1079,60,4,1661.3,0.05
3259,1079,67,2,48132.16,0.05
3260,1079,65,5,10926.0,0.05
3261,1080,31,4,2127.01,0.0
3262,1080,69,1,5262.92,0.0
3263,1081,36,3,1623.44,0.0
3264,1082,11,4,38638.31,0.0
3265,1082,74,3,2937.83,0.0
3266,1082,42,2,10500.79,0.15
3267,1082,15,1,8435.07,0.0
3268,1083,74,5,2937.83,0.05
3269,1083,22,1,14987.28,0.0
3270,1084,26,5,11112.29,0.0
3271,1084,62,1,4112.86,0.15
3272,1084,36,2,1623.44,0.0
3273,1085,54,4,7273.55,0.0
3274,1085,61,5,17645.56,0.0
3275,1085,11,2,38638.31,0.1
3276,1085,27,1,9025.55,0.0
3277,1085,76,2,4154.57,0.0
3278,1086,21,4,2972.3,0.1
3279,1086,16,4,83163.25,0.0
3280,1087,15,5,8435.07,0.0
3281,1088,15,4,8435.07,0.1
3282,1089,17,2,3232.18,0.0
3283,1090,80,1,14416.0,0.1
3284,1091,44,4,9251.21,0.0
3285,1091,68,2,16395.12,0.15
3286,1092,5,5,82882.71,
3287,1092,38,4,6657.74,0.1
3288,1093,27,2,9025.55,0.1
3289,1093,69,3,5262.92,0.15
3290,1093,2,1,4441.59,0.0
3291,1094,23,3,4561.96,0.0
3292,1094,13,5,2378.53,0.1
3293,1094,12,5,11169.67,0.0
3294,1095,2,2,4441.59,0.0
3295,1095,74,5,2937.83,0.05
3296,1095,42,4,10500.79,0.0
3297,1096,76,2,4154.57,0.05
3298,1097,49,2,10412.49,0.15
3299,1097,9,5,24443.59,0.05
3300,1097,1,2,2607.87,0.15
3301,1098,3,1,11718.36,0.0
3302,1098,13,3,2378.53,0.0
3303,1098,30,4,2600.54,0.05
3304,1098,59,5,6537.92,0.05
3305,1099,47,1,4179.71,0.05
3306,1099,50,1,10649.28,0.0
3307,1099,40,1,15862.71,0.0
3308,1099,17,4,3232.18,0.0
3309,1099,28,4,26363.69,0.0
3310,1100,79,2,20027.21,0.15
3311,1100,21,4,2972.3,0.05
3312,1100,62,1,4112.86,0.0
3313,1101,80,4,14416.0,0.15
3314,1101,8,1,1138.19,0.1
3315,1101,57,2,2460.95,0.0
3316,1101,11,2,38638.31,0.05
3317,1101,56,5,1713.49,0.0
3318,1102,41,1,15894.59,0.0
3319,1102,34,3,12210.05,0.0
3320,1102,21,2,2972.3,0.0
3321,1103,3,5,11718.36,0.05
3322,1104,64,4,2352.46,0.05
3323,1104,73,5,9526.79,0.0
3324,1104,58,3,7540.1,0.1
3325,1104,48,5,7491.22,0.05
3326,1105,37,2,28508.66,0.05
3327,1105,55,4,5245.76,0.0
3328,1105,23,2,4561.96,0.05
3329,1106,56,5,1713.49,0.0
3330,1106,1,1,2607.87,0.15
3331,1106,15,1,8435.07,0.0
3332,1106,6,2,4331.85,0.0
3333,1107,71,4,10320.51,0.05
3334,1107,30,1,2600.54,0.1
3335,1107,13,2,2378.53,0.1
3336,1107,58,5,7540.1,0.0
3337,1108,2,1,4441.59,0.0
3338,1108,67,5,48132.16,0.0
3339,1108,13,1,2378.53,0.05
3340,1108,47,1,4179.71,0.1
3341,1108,58,1,7540.1,0.0
3342,1109,6,1,4331.85,0.1
3343,1109,53,2,10550.89,0.05
3344,1109,58,1,7540.1,0.0
3345,1109,14,3,7521.16,0.05
3346,1109,32,5,4184.77,0.05
3347,1110,39,1,47226.71,0.0
3348,1110,26,1,11112.29,0.0
3349,1110,52,5,3501.14,0.1
3350,1110,23,2,4561.96,0.05
3351,1111,68,3,16395.12,0.1
3352,1111,46,1,26377.33,0.0
3353,1111,58,1,7540.1,0.15
3354,1111,55,1,5245.76,0.05
3355,1111,77,2,5389.81,0.0
3356,1112,52,4,3501.14,0.1
3357,1112,21,2,2972.3,0.0
3358,1112,57,3,2460.95,0.15
3359,1112,33,1,8606.33,0.15
3360,1112,56,2,1713.49,0.0
3361,1113,3,4,11718.36,0.1
3362,1113,5,4,82882.71,0.0
3363,1113,8,3,1138.19,0.05
3364,1113,35,5,97382.34,0.0
3365,1114,15,1,8435.07,0.1
3366,1115,63,1,3932.48,0.05
3367,1115,60,5,1661.3,
3368,1115,16,5,83163.25,0.15
3369,1115,33,1,8606.33,0.15
3370,1115,5,3,82882.71,0.15
3371,1116,41,2,15894.59,0.0
3372,1117,23,5,4561.96,0.15
3373,1117,6,5,4331.85,0.0
3374,1117,33,5,8606.33,0.05
3375,1118,64,1,2352.46,0.0
3376,1118,51,4,21729.72,0.15
3377,1118,78,4,6812.98,0.0
3378,1118,68,4,16395.12,0.1
3379,1118,29,5,14888.01,0.15
3380,1119,14,1,7521.16,0.0
3381,1119,53,2,10550.89,0.1
3382,1119,49,3,10412.49,0.0
3383,1120,62,2,4112.86,0.0
3384,1120,74,3,2937.83,0.1
3385,1120,35,2,97382.34,0.0
3386,1120,32,5,4184.77,0.15
3387,1121,38,4,6657.74,0.0
3388,1121,75,1,2753.32,0.05
3389,1121,73,2,9526.79,0.1
3390,1121,15,2,8435.07,0.0
3391,1121,79,2,20027.21,0.1
3392,1122,66,4,10173.79,0.15
3393,1123,14,4,7521.16,0.0
3394,1123,12,2,11169.67,0.0
3395,1124,13,2,2378.53,0.05
3396,1124,70,5,4690.27,0.15
3397,1124,11,5,38638.31,0.15
3398,1125,75,4,2753.32,0.0
3399,1125,58,5,7540.1,0.15
3400,1125,19,5,14064.73,0.05
3401,1125,15,5,8435.07,0.0
3402,1125,11,1,38638.31,0.15
3403,1126,34,2,12210.05,0.0
3404,1126,39,4,47226.71,0.05
3405,1126,69,5,5262.92,0.15
3406,1126,18,2,7134.98,0.15
3407,1127,65,5,10926.0,0.0
3408,1127,48,1,7491.22,0.0
3409,1127,57,3,2460.95,0.15
3410,1127,2,1,4441.59,0.1
3411,1128,41,2,15894.59,0.1
3412,1128,61,5,17645.56,0.0
3413,1128,12,3,11169.67,0.15
3414,1128,24,4,2933.35,0.0
3415,1129,21,5,2972.3,0.1
3416,1130,35,5,97382.34,0.0
3417,1130,22,4,14987.28,0.1
3418,1130,77,5,5389.81,0.1
3419,1130,55,1,5245.76,0.05
3420,1130,72,1,34598.83,0.15
3421,1131,30,1,2600.54,0.15
3422,1131,16,4,83163.25,0.0
3423,1131,34,3,12210.05,0.1
3424,1132,64,5,2352.46,0.0
3425,1133,63,5,3932.48,0.15
3426,1133,37,2,28508.66,0.05
3427,1134,46,4,26377.33,0.0
3428,1134,14,3,7521.16,0.0
3429,1134,59,5,6537.92,0.1
3430,1134,75,3,2753.32,0.15
3431,1135,50,5,10649.28,0.1
3432,1135,70,1,4690.27,0.05
3433,1135,32,4,4184.77,0.15
3434,1135,34,3,12210.05,0.0
3435,1136,57,1,2460.95,0.0
3436,1137,44,3,9251.21,0.15
3437,1137,14,2,7521.16,0.1
3438,1137,50,3,10649.28,0.15
3439,1137,19,5,14064.73,0.0
3440,1137,21,1,2972.3,0.15
3441,1138,29,2,14888.01,0.15
3442,1138,35,1,97382.34,0.1
3443,1138,69,2,5262.92,0.05
3444,1138,52,4,3501.14,0.1
3445,1138,65,2,10926.0,0.15
3446,1139,78,1,6812.98,0.15
3447,1139,74,1,2937.83,0.0
3448,1139,9,3,24443.59,0.0
3449,1139,55,2,5245.76,0.0
3450,1140,32,4,4184.77,0.0
3451,1140,46,2,26377.33,0.0
3452,1140,77,4,5389.81,0.1
3453,1140,21,1,2972.3,0.05
3454,1140,27,2,9025.55,0.0
3455,1141,33,3,8606.33,0.15
3456,1142,13,3,2378.53,0.05
3457,1142,52,3,3501.14,0.1
3458,1142,43,2,118478.99,0.05
3459,1142,3,1,11718.36,0.15
3460,1142,22,1,14987.28,0.1
3461,1143,5,3,82882.71,0.0
3462,1143,25,5,63155.9,0.1
3463,1143,38,4,6657.74,0.0
3464,1144,62,3,4112.86,0.15
3465,1144,9,5,24443.59,0.15
3466,1144,67,5,48132.16,0.0
3467,1144,17,5,3232.18,0.15
3468,1145,52,4,3501.14,0.15
3469,1146,13,1,2378.53,0.1
3470,1146,35,3,97382.34,0.1
3471,1147,14,4,7521.16,0.1
3472,1147,29,3,14888.01,0.15
3473,1147,42,4,10500.79,0.15
3474,1147,80,5,14416.0,0.15
3475,1147,24,2,2933.35,0.15
3476,1148,80,5,14416.0,0.1
3477,1148,71,5,10320.51,0.05
3478,1148,57,1,2460.95,0.05
3479,1148,40,3,15862.71,0.15
3480,1149,41,1,15894.59,0.15
3481,1149,7,2,6191.08,0.15
3482,1149,15,2,8435.07,0.0
3483,1150,47,3,4179.71,0.0
3484,1150,32,1,4184.77,0.1
3485,1150,49,1,10412.49,0.1
3486,1150,6,1,4331.85,0.0
3487,1151,69,3,5262.92,0.0
3488,1151,72,4,34598.83,0.0
3489,1151,51,1,21729.72,0.15
3490,1151,27,5,9025.55,0.05
3491,1151,54,3,7273.55,0.05
3492,1152,8,1,1138.19,0.15
3493,1152,49,5,10412.49,0.05
3494,1152,63,2,3932.48,0.05
3495,1152,1,5,2607.87,0.15
3496,1152,7,3,6191.08,0.0
3497,1153,38,4,6657.74,0.1
3498,1154,72,4,34598.83,0.1
3499,1154,79,4,20027.21,0.0
3500,1154,56,3,1713.49,0.1
3501,1155,21,3,2972.3,0.1
3502,1155,2,3,4441.59,0.1
3503,1155,40,4,15862.71,0.05
3504,1156,4,2,21493.75,0.0
3505,1156,74,5,2937.83,0.15
3506,1156,58,1,7540.1,0.1
3507,1156,40,2,15862.71,0.0
3508,1156,41,3,15894.59,0.05
3509,1157,49,3,10412.49,0.05
3510,1157,17,1,3232.18,0.0
3511,1157,24,4,2933.35,0.05
3512,1157,54,5,7273.55,0.15
3513,1158,30,4,2600.54,0.0
3514,1158,7,2,6191.08,0.0
3515,1158,2,2,4441.59,0.0
3516,1159,24,4,2933.35,0.1
3517,1159,58,3,7540.1,0.1
3518,1159,55,2,5245.76,0.05
3519,1160,9,2,24443.59,0.05
3520,1160,50,1,10649.28,0.0
3521,1160,4,3,21493.75,0.15
3522,1160,14,3,7521.16,0.15
3523,1160,11,5,38638.31,0.1
3524,1161,1,5,2607.87,0.0
3525,1162,61,5,17645.56,0.15
3526,1163,62,2,4112.86,0.0
3527,1163,64,2,2352.46,0.15
3528,1163,72,5,34598.83,0.05
3529,1163,17,4,3232.18,0.0
3530,1164,58,3,7540.1,0.0
3531,1164,18,4,7134.98,0.0
3532,1164,53,2,10550.89,0.0
3533,1165,7,5,6191.08,0.05
3534,1165,27,2,9025.55,0.1
3535,1166,30,5,2600.54,0.1
3536,1166,56,5,1713.49,0.0
3537,1166,45,4,7026.99,0.15
3538,1167,22,5,14987.28,0.0
3539,1167,48,3,7491.22,0.0
3540,1167,34,1,12210.05,0.15
3541,1168,65,3,10926.0,0.05
3542,1168,42,3,10500.79,0.0
3543,1169,55,3,5245.76,0.05
3544,1170,37,2,28508.66,0.0
3545,1170,60,1,1661.3,0.0
3546,1170,44,2,9251.21,0.0
3547,1171,58,5,7540.1,0.15
3548,1171,37,4,28508.66,0.15
3549,1172,58,4,7540.1,0.1
3550,1173,32,2,4184.77,0.1
3551,1173,38,2,6657.74,0.0
3552,1174,72,4,34598.83,0.0
3553,1174,69,1,5262.92,0.1
3554,1175,2,1,4441.59,0.15
3555,1175,70,4,4690.27,0.0
3556,1175,8,1,1138.19,0.05
3557,1176,25,5,63155.9,0.0
3558,1176,5,3,82882.71,0.15
3559,1176,50,5,10649.28,0.0
3560,1177,80,2,14416.0,0.05
3561,1177,30,1,2600.54,0.0
3562,1177,43,1,118478.99,0.15
3563,1178,51,4,21729.72,0.1
3564,1179,37,2,28508.66,0.05
3565,1179,66,3,10173.79,0.05
3566,1179,9,3,24443.59,0.05
3567,1179,55,3,5245.76,0.1
3568,1179,45,1,7026.99,0.15
3569,1180,69,1,5262.92,0.1
3570,1180,47,5,4179.71,0.15
3571,1181,58,1,7540.1,0.0
3572,1181,71,3,10320.51,0.0
3573,1182,16,5,83163.25,0.05
3574,1182,19,5,14064.73,0.1
3575,1182,69,5,5262.92,0.15
3576,1182,59,5,6537.92,0.1
3577,1182,65,5,10926.0,0.15
3578,1183,20,4,2795.36,0.15
3579,1183,77,2,5389.81,0.1
3580,1183,8,1,1138.19,0.05
3581,1183,40,4,15862.71,0.0
3582,1183,41,3,15894.59,0.1
3583,1184,5,5,82882.71,0.15
3584,1184,12,4,11169.67,0.05
3585,1185,35,2,97382.34,0.15
3586,1185,17,2,3232.18,0.15
3587,1186,21,1,2972.3,0.0
3588,1186,67,1,48132.16,0.15
3589,1186,31,4,2127.01,0.0
3590,1186,73,4,9526.79,0.0
3591,1187,27,5,9025.55,0.15
3592,1187,23,2,4561.96,0.0
3593,1187,67,2,48132.16,0.0
3594,1187,66,1,10173.79,0.0
3595,1187,7,1,6191.08,0.0
3596,1188,23,1,4561.96,0.0
3597,1188,1,5,2607.87,0.1
3598,1189,56,1,1713.49,0.15
3599,1189,49,5,10412.49,0.15
3600,1189,15,4,8435.07,0.1
3601,1189,6,1,4331.85,0.0
3602,1190,11,1,38638.31,0.05
3603,1190,38,1,6657.74,0.0
3604,1190,25,5,63155.9,0.05
3605,1190,48,3,7491.22,0.0
3606,1190,50,1,10649.28,0.15
3607,1191,7,2,6191.08,0.0
3608,1191,62,3,4112.86,0.05
3609,1191,36,4,1623.44,0.15
3610,1191,54,3,7273.55,0.0
3611,1191,71,1,10320.51,0.0
3612,1192,3,4,11718.36,0.0
3613,1192,59,1,6537.92,0.05
3614,1193,43,4,118478.99,0.0
3615,1193,76,3,4154.57,0.0
3616,1193,49,1,10412.49,0.1
3617,1194,50,1,10649.28,0.0
3618,1194,55,4,5245.76,0.05
3619,1194,35,3,97382.34,0.0
3620,1194,12,1,11169.67,0.0
3621,1195,1,3,2607.87,0.0
3622,1195,58,4,7540.1,0.15
3623,1195,70,5,4690.27,0.05
3624,1196,61,3,17645.56,0.15
3625,1196,6,2,4331.85,0.1
3626,1196,67,4,48132.16,0.15
3627,1196,79,2,20027.21,0.05
3628,1196,2,5,4441.59,0.0
3629,1197,69,2,5262.92,0.1
3630,1197,73,5,9526.79,0.1
3631,1197,80,1,14416.0,0.15
3632,1197,52,2,3501.14,0.15
3633,1198,72,4,34598.83,0.15
3634,1198,67,4,48132.16,0.15
3635,1198,73,1,9526.79,0.05
3636,1198,16,1,83163.25,0.05
3637,1199,55,5,5245.76,0.1
3638,1199,24,4,2933.35,0.0
3639,1199,47,5,4179.71,0.0
3640,1199,59,2,6537.92,0.0
3641,1199,10,1,45504.23,0.0
3642,1200,46,5,26377.33,0.0
3643,1200,59,4,6537.92,0.0
3644,1200,67,3,48132.16,0.0
3645,1200,74,5,2937.83,0.0
3646,1201,48,3,7491.22,0.15
3647,1201,18,3,7134.98,0.0
3648,1201,10,4,45504.23,0.1
3649,1201,60,4,1661.3,0.05
3650,1201,47,1,4179.71,0.0
3651,1202,38,1,6657.74,0.0
3652,1202,50,5,10649.28,0.15
3653,1202,78,2,6812.98,0.05
3654,1202,24,1,2933.35,0.15
3655,1203,52,2,3501.14,0.0
3656,1203,18,5,7134.98,0.1
3657,1203,56,3,1713.49,0.15
3658,1203,35,5,97382.34,0.0
3659,1203,23,4,4561.96,0.0
3660,1204,47,1,4179.71,0.15
3661,1204,35,3,97382.34,0.05
3662,1204,17,3,3232.18,0.1
3663,1205,41,4,15894.59,0.15
3664,1206,1,2,2607.87,0.0
3665,1206,74,3,2937.83,0.1
3666,1207,74,1,2937.83,0.0
3667,1208,52,2,3501.14,0.05
3668,1209,36,2,1623.44,0.0
3669,1209,7,3,6191.08,0.1
3670,1209,59,2,6537.92,0.15
3671,1209,22,2,14987.28,0.15
3672,1210,42,4,10500.79,0.15
3673,1210,36,5,1623.44,0.0
3674,1210,1,2,2607.87,0.05
3675,1210,8,4,1138.19,
3676,1210,12,1,11169.67,0.0
3677,1211,10,1,45504.23,0.1
3678,1211,50,1,10649.28,0.0
3679,1211,70,3,4690.27,0.15
3680,1211,48,1,7491.22,0.0
3681,1212,74,3,2937.83,0.0
3682,1213,23,2,4561.96,0.1
3683,1213,60,1,1661.3,0.0
3684,1213,14,3,7521.16,0.0
3685,1213,12,4,11169.67,0.0
3686,1213,41,5,15894.59,0.0
3687,1214,6,4,4331.85,0.0
3688,1214,5,4,82882.71,0.15
3689,1215,2,3,4441.59,0.0
3690,1215,1,5,2607.87,0.15
3691,1215,62,3,4112.86,0.15
3692,1216,38,5,6657.74,0.15
3693,1216,30,4,2600.54,0.1
3694,1216,19,5,14064.73,0.15
3695,1217,28,3,26363.69,0.05
3696,1217,53,4,10550.89,0.0
3697,1217,45,4,7026.99,0.0
3698,1217,17,5,3232.18,0.15
3699,1217,77,2,5389.81,0.1
3700,1218,40,1,15862.71,0.0
3701,1218,69,1,5262.92,0.0
3702,1219,43,3,118478.99,0.15
3703,1219,6,5,4331.85,0.1
3704,1219,20,2,2795.36,0.0
3705,1220,60,3,1661.3,0.0
3706,1221,57,2,2460.95,0.05
3707,1221,33,2,8606.33,0.1
3708,1221,68,5,16395.12,0.0
3709,1222,35,4,97382.34,0.1
3710,1222,70,2,4690.27,0.15
3711,1222,56,5,1713.49,0.0
3712,1222,5,3,82882.71,0.05
3713,1223,65,3,10926.0,0.0
3714,1223,25,4,63155.9,0.05
3715,1223,71,4,10320.51,0.0
3716,1223,39,5,47226.71,0.0
3717,1223,23,3,4561.96,0.05
3718,1224,58,4,7540.1,0.05
3719,1225,51,3,21729.72,0.1
3720,1226,43,2,118478.99,0.0
3721,1226,46,5,26377.33,0.0
3722,1226,11,1,38638.31,0.15
3723,1226,47,1,4179.71,0.15
3724,1226,51,3,21729.72,0.05
3725,1227,6,4,4331.85,0.05
3726,1228,77,1,5389.81,0.0
3727,1229,11,1,38638.31,0.1
3728,1230,50,3,10649.28,0.05
3729,1230,13,4,2378.53,0.1
3730,1230,77,1,5389.81,0.0
3731,1230,3,2,11718.36,0.0
3732,1230,19,4,14064.73,0.15
3733,1231,30,1,2600.54,0.0
3734,1231,41,1,15894.59,0.0
3735,1231,35,2,97382.34,0.0
3736,1232,41,1,15894.59,0.0
3737,1232,73,4,9526.79,0.0
3738,1232,46,1,26377.33,0.05
3739,1232,8,1,1138.19,0.05
3740,1233,24,5,2933.35,0.05
3741,1233,45,4,7026.99,0.15
3742,1234,5,1,82882.71,0.1
3743,1234,57,1,2460.95,0.1
3744,1234,37,2,28508.66,0.0
3745,1235,77,5,5389.81,0.05
3746,1235,71,1,10320.51,0.0
3747,1235,7,1,6191.08,0.0
3748,1235,46,1,26377.33,0.1
3749,1236,80,1,14416.0,0.0
3750,1236,28,5,26363.69,0.0
3751,1236,39,1,47226.71,0.05
3752,1237,17,4,3232.18,0.0
3753,1237,5,5,82882.71,0.15
3754,1237,28,3,26363.69,0.0
3755,1238,70,3,4690.27,0.15
3756,1239,29,3,14888.01,0.15
3757,1240,23,3,4561.96,0.15
3758,1240,70,3,4690.27,0.0
3759,1240,46,1,26377.33,0.05
3760,1240,45,4,7026.99,0.0
3761,1240,32,1,4184.77,0.0
3762,1241,63,1,3932.48,0.1
3763,1241,73,5,9526.79,0.1
3764,1241,74,5,2937.83,0.0
3765,1241,2,1,4441.59,0.15
3766,1242,57,2,2460.95,0.1
3767,1242,62,5,4112.86,0.05
3768,1242,34,2,12210.05,0.0
3769,1242,6,2,4331.85,0.15
3770,1243,40,2,15862.71,0.0
3771,1243,75,1,2753.32,0.1
3772,1243,48,4,7491.22,0.1
3773,1244,21,2,2972.3,0.0
3774,1244,43,3,118478.99,0.0
3775,1244,42,1,10500.79,0.1
3776,1244,2,2,4441.59,0.1
3777,1245,33,2,8606.33,0.05
3778,1245,17,1,3232.18,0.1
3779,1245,51,5,21729.72,0.05
3780,1246,75,2,2753.32,0.15
3781,1246,8,2,1138.19,0.0
3782,1247,40,1,15862.71,0.0
3783,1247,43,1,118478.99,0.0
3784,1248,6,5,4331.85,0.15
3785,1248,54,4,7273.55,0.15
3786,1248,46,3,26377.33,0.0
3787,1248,32,1,4184.77,0.0
3788,1248,1,1,2607.87,0.0
3789,1249,51,5,21729.72,0.0
3790,1249,57,3,2460.95,0.05
3791,1249,29,4,14888.01,0.05
3792,1249,18,5,7134.98,0.15
3793,1250,58,2,7540.1,0.15
3794,1250,42,5,10500.79,0.1
3795,1250,73,3,9526.79,0.0
3796,1250,24,4,2933.35,0.0
3797,1250,12,2,11169.67,0.0
3798,1251,23,3,4561.96,0.05
3799,1251,2,5,4441.59,0.0
3800,1251,19,1,14064.73,0.05
3801,1251,59,4,6537.92,0.1
3802,1252,77,2,5389.81,0.0
3803,1253,15,2,8435.07,0.15
3804,1253,12,1,11169.67,
3805,1253,45,2,7026.99,0.1
3806,1253,21,2,2972.3,0.0
3807,1254,22,5,14987.28,0.15
3808,1254,9,4,24443.59,0.0
3809,1254,46,3,26377.33,0.15
3810,1254,68,1,16395.12,0.1
3811,1254,16,1,83163.25,0.0
3812,1255,56,5,1713.49,0.15
3813,1255,28,1,26363.69,0.15
3814,1255,69,3,5262.92,0.15
3815,1255,48,4,7491.22,0.1
3816,1255,43,2,118478.99,0.0
3817,1256,72,3,34598.83,0.0
3818,1256,67,4,48132.16,
3819,1256,6,5,4331.85,0.0
3820,1256,7,1,6191.08,0.15
3821,1257,78,4,6812.98,0.0
3822,1257,20,5,2795.36,0.05
3823,1257,66,3,10173.79,0.05
3824,1257,75,1,2753.32,0.0
3825,1258,18,1,7134.98,0.0
3826,1258,22,5,14987.28,0.0
3827,1258,62,5,4112.86,0.05
3828,1258,21,5,2972.3,0.0
3829,1258,1,2,2607.87,0.0
3830,1259,8,1,1138.19,0.05
3831,1259,33,3,8606.33,0.1
3832,1260,28,1,26363.69,0.0
3833,1260,17,4,3232.18,0.05
3834,1260,68,5,16395.12,0.15
3835,1261,2,1,4441.59,0.0
3836,1261,17,1,3232.18,0.0
3837,1262,36,2,1623.44,0.0
3838,1263,17,4,3232.18,0.05
3839,1263,57,2,2460.95,0.0
3840,1264,48,1,7491.22,0.0
3841,1264,25,5,63155.9,0.0
3842,1265,43,4,118478.99,0.0
3843,1265,7,1,6191.08,0.0
3844,1265,53,3,10550.89,0.15
3845,1265,33,2,8606.33,0.1
3846,1266,59,1,6537.92,0.15
3847,1266,46,5,26377.33,0.0
3848,1266,51,2,21729.72,0.0
3849,1266,75,1,2753.32,0.0
3850,1267,12,4,11169.67,0.15
3851,1267,54,1,7273.55,0.0
3852,1267,10,5,45504.23,0.15
3853,1267,61,2,17645.56,0.0
3854,1267,39,1,47226.71,0.05
3855,1268,70,1,4690.27,0.15
3856,1268,36,4,1623.44,0.1
3857,1269,20,1,2795.36,0.0
3858,1269,73,1,9526.79,0.1
3859,1270,2,4,4441.59,0.15
3860,1270,65,3,10926.0,0.1
3861,1270,8,4,1138.19,0.1
3862,1270,47,1,4179.71,0.1
3863,1271,51,1,21729.72,0.15
3864,1271,20,5,2795.36,0.1
3865,1272,47,5,4179.71,0.05
3866,1272,8,3,1138.19,0.05
3867,1272,39,1,47226.71,0.1
3868,1273,51,2,21729.72,0.0
3869,1273,26,5,11112.29,0.1
3870,1273,40,3,15862.71,0.0
3871,1273,78,3,6812.98,0.15
3872,1274,22,2,14987.28,0.1
3873,1274,59,2,6537.92,0.1
3874,1274,25,1,63155.9,0.0
3875,1274,17,3,3232.18,0.0
3876,1275,28,3,26363.69,0.15
3877,1275,53,3,10550.89,0.05
3878,1275,18,2,7134.98,0.0
3879,1276,66,5,10173.79,0.0
3880,1276,6,5,4331.85,0.1
3881,1276,69,2,5262.92,0.0
3882,1276,64,3,2352.46,0.0
3883,1276,77,5,5389.81,0.15
3884,1277,34,3,12210.05,0.0
3885,1277,29,2,14888.01,0.05
3886,1277,26,4,11112.29,0.0
3887,1277,72,3,34598.83,0.0
3888,1278,69,2,5262.92,0.05
3889,1278,31,2,2127.01,0.0
3890,1278,29,2,14888.01,0.0
3891,1279,47,5,4179.71,0.1
3892,1280,4,4,21493.75,0.15
3893,1280,48,3,7491.22,0.1
3894,1280,35,3,97382.34,0.1
3895,1280,60,4,1661.3,0.15
3896,1281,43,2,118478.99,0.1
3897,1281,26,3,11112.29,0.15
3898,1281,47,4,4179.71,0.05
3899,1282,50,1,10649.28,0.1
3900,1282,77,2,5389.81,0.05
3901,1282,65,2,10926.0,0.0
3902,1282,49,2,10412.49,0.05
3903,1283,48,1,7491.22,0.15
3904,1283,3,3,11718.36,0.15
3905,1283,69,3,5262.92,0.15
3906,1284,44,2,9251.21,0.1
3907,1285,19,4,14064.73,0.05
3908,1285,42,4,10500.79,0.0
3909,1285,48,1,7491.22,0.0
3910,1285,74,1,2937.83,0.1
3911,1285,49,3,10412.49,0.0
3912,1286,48,1,7491.22,0.05
3913,1286,76,2,4154.57,0.1
3914,1287,37,1,28508.66,0.05
3915,1288,75,1,2753.32,0.05
3916,1288,26,3,11112.29,0.05
3917,1288,32,2,4184.77,0.0
3918,1288,21,4,2972.3,0.15
3919,1288,54,4,7273.55,0.0
3920,1289,29,5,14888.01,0.0
3921,1289,14,4,7521.16,0.15
3922,1289,3,3,11718.36,0.0
3923,1289,4,2,21493.75,0.0
3924,1290,48,5,7491.22,0.1
3925,1291,72,3,34598.83,0.05
3926,1292,27,3,9025.55,0.0
3927,1292,47,4,4179.71,0.15
3928,1293,34,1,12210.05,0.1
3929,1293,35,2,97382.34,0.0
3930,1293,64,1,2352.46,0.15
3931,1293,7,4,6191.08,0.05
3932,1294,29,4,14888.01,0.1
3933,1294,57,2,2460.95,
3934,1295,52,2,3501.14,0.1
3935,1295,42,1,10500.79,0.0
3936,1295,53,3,10550.89,0.0
3937,1295,25,1,63155.9,0.05
3938,1296,57,1,2460.95,0.0
3939,1296,69,3,5262.92,0.05
3940,1297,6,2,4331.85,0.0
3941,1297,5,1,82882.71,0.05
3942,1297,4,2,21493.75,0.05
3943,1297,20,4,2795.36,0.0
3944,1297,62,1,4112.86,0.1
3945,1298,78,3,6812.98,0.0
3946,1299,16,4,83163.25,0.0
3947,1299,28,1,26363.69,0.0
3948,1299,51,1,21729.72,0.0
3949,1299,68,4,16395.12,0.15
3950,1299,12,3,11169.67,0.05
3951,1300,67,2,48132.16,0.0
3952,1300,51,5,21729.72,0.0
3953,1301,63,5,3932.48,0.05
3954,1301,32,2,4184.77,0.0
3955,1301,45,2,7026.99,0.0
3956,1301,17,2,3232.18,0.1
3957,1301,48,2,7491.22,0.15
3958,1302,67,5,48132.16,0.0
3959,1302,78,1,6812.98,0.05
3960,1303,61,2,17645.56,0.0
3961,1303,29,2,14888.01,0.1
3962,1303,46,4,26377.33,0.0
3963,1304,45,1,7026.99,0.15
3964,1304,5,4,82882.71,0.0
3965,1304,61,5,17645.56,0.0
3966,1304,51,4,21729.72,0.15
3967,1304,12,4,11169.67,0.0
3968,1305,21,1,2972.3,0.1
3969,1305,26,1,11112.29,0.0
3970,1305,49,4,10412.49,0.0
3971,1305,5,3,82882.71,0.15
3972,1305,13,2,2378.53,0.15
3973,1306,24,5,2933.35,0.05
3974,1306,12,4,11169.67,0.1
3975,1306,64,2,2352.46,0.05
3976,1306,56,4,1713.49,0.05
3977,1306,34,2,12210.05,0.0
3978,1307,28,2,26363.69,0.0
3979,1307,20,5,2795.36,0.0
3980,1308,78,3,6812.98,0.05
3981,1309,45,5,7026.99,0.0
3982,1309,72,2,34598.83,0.0
3983,1310,52,2,3501.14,0.15
3984,1310,8,3,1138.19,0.0
3985,1310,49,3,10412.49,0.0
3986,1311,32,5,4184.77,0.0
3987,1311,62,3,4112.86,0.1
3988,1311,9,4,24443.59,0.05
3989,1311,15,1,8435.07,0.0
3990,1312,63,3,3932.48,0.0
3991,1313,40,1,15862.71,0.0
3992,1313,16,2,83163.25,0.1
3993,1313,72,2,34598.83,0.1
3994,1313,42,1,10500.79,0.15
3995,1313,20,3,2795.36,0.1
3996,1314,74,3,2937.83,0.1
3997,1314,61,1,17645.56,0.05
3998,1315,61,3,17645.56,0.05
3999,1315,6,5,4331.85,0.0
4000,1315,47,2,4179.71,0.0
4001,1316,12,1,11169.67,0.0
4002,1316,55,5,5245.76,0.05
4003,1316,35,3,97382.34,0.1
4004,1317,3,5,11718.36,0.1
4005,1317,73,5,9526.79,0.0
4006,1317,12,5,11169.67,0.05
4007,1318,71,1,10320.51,0.1
4008,1318,64,1,2352.46,0.0
4009,1318,46,1,26377.33,0.05
4010,1318,24,2,2933.35,0.1
4011,1319,2,5,4441.59,0.1
4012,1319,10,1,45504.23,0.0
4013,1320,20,3,2795.36,0.0
4014,1321,74,4,2937.83,0.15
4015,1321,32,4,4184.77,0.1
4016,1322,73,4,9526.79,0.0
4017,1322,59,1,6537.92,0.0
4018,1322,52,4,3501.14,0.1
4019,1322,5,4,82882.71,0.0
4020,1322,67,1,48132.16,0.15
4021,1323,17,4,3232.18,0.0
4022,1323,57,4,2460.95,0.05
4023,1324,68,4,16395.12,0.05
4024,1324,69,2,5262.92,0.0
4025,1324,80,5,14416.0,0.05
4026,1324,61,2,17645.56,0.0
4027,1324,70,5,4690.27,0.0
4028,1325,43,5,118478.99,0.15
4029,1325,40,3,15862.71,0.0
4030,1325,25,2,63155.9,0.0
4031,1325,4,2,21493.75,0.0
4032,1326,16,1,83163.25,0.05
4033,1326,76,1,4154.57,0.05
4034,1327,49,4,10412.49,0.05
4035,1327,35,4,97382.34,0.0
4036,1327,37,1,28508.66,0.0
4037,1327,73,2,9526.79,0.1
4038,1328,60,4,1661.3,0.1
4039,1328,51,3,21729.72,0.15
4040,1328,40,4,15862.71,0.15
4041,1328,70,4,4690.27,0.05
4042,1328,56,1,1713.49,0.1
4043,1329,50,4,10649.28,0.0
4044,1329,45,3,7026.99,0.05
4045,1330,3,4,11718.36,0.0
4046,1331,41,2,15894.59,0.0
4047,1331,29,5,14888.01,0.1
4048,1331,61,3,17645.56,0.15
4049,1332,79,1,20027.21,0.0
4050,1332,24,5,2933.35,0.05
4051,1332,60,2,1661.3,0.15
4052,1332,57,4,2460.95,0.0
4053,1333,27,5,9025.55,0.1
4054,1333,7,1,6191.08,0.0
4055,1333,48,3,7491.22,0.05
4056,1334,21,5,2972.3,0.0
4057,1335,53,2,10550.89,0.0
4058,1335,27,3,9025.55,0.15
4059,1335,55,3,5245.76,0.15
4060,1335,39,5,47226.71,0.15
4061,1336,43,4,118478.99,0.1
4062,1336,79,2,20027.21,0.05
4063,1336,51,3,21729.72,0.05
4064,1336,45,3,7026.99,0.0
4065,1336,37,3,28508.66,0.05
4066,1337,40,5,15862.71,0.0
4067,1338,73,5,9526.79,0.0
4068,1338,78,3,6812.98,0.05
4069,1338,76,5,4154.57,0.1
4070,1338,32,3,4184.77,0.0
4071,1339,35,5,97382.34,0.0
4072,1339,53,2,10550.89,0.0
4073,1339,34,1,12210.05,0.15
4074,1339,3,3,11718.36,0.15
4075,1339,68,4,16395.12,0.0
4076,1340,62,5,4112.86,0.05
4077,1340,28,1,26363.69,0.0
4078,1340,74,2,2937.83,0.0
4079,1340,69,1,5262.92,0.15
4080,1340,67,4,48132.16,0.0
4081,1341,23,1,4561.96,0.1
4082,1342,62,3,4112.86,0.05
4083,1343,45,3,7026.99,0.1
4084,1343,25,5,63155.9,0.0
4085,1343,37,2,28508.66,0.0
4086,1343,53,2,10550.89,0.0
4087,1343,48,1,7491.22,0.05
4088,1344,73,4,9526.79,0.0
4089,1344,56,2,1713.49,0.15
4090,1344,39,2,47226.71,0.15
4091,1345,4,2,21493.75,0.05
4092,1346,18,1,7134.98,0.0
4093,1347,43,5,118478.99,0.1
4094,1347,51,2,21729.72,0.05
4095,1347,46,5,26377.33,0.05
4096,1347,68,4,16395.12,0.0
4097,1348,56,1,1713.49,0.05
4098,1348,11,3,38638.31,0.15
4099,1348,74,3,2937.83,0.0
4100,1348,79,3,20027.21,0.05
4101,1348,28,4,26363.69,0.1
4102,1349,11,2,38638.31,0.15
4103,1349,10,5,45504.23,0.05
4104,1350,27,3,9025.55,0.0
4105,1351,53,2,10550.89,0.0
4106,1351,21,2,2972.3,0.0
4107,1352,59,3,6537.92,0.1
4108,1352,38,2,6657.74,0.0
4109,1352,24,1,2933.35,0.05
4110,1353,58,4,7540.1,0.15
4111,1353,75,4,2753.32,0.15
4112,1354,5,5,82882.71,0.05
4113,1355,73,4,9526.79,0.15
4114,1355,36,1,1623.44,0.0
4115,1356,63,4,3932.48,0.05
4116,1357,60,3,1661.3,0.0
4117,1358,39,2,47226.71,0.05
4118,1359,20,2,2795.36,0.15
4119,1360,7,5,6191.08,0.05
4120,1360,21,4,2972.3,0.1
4121,1360,72,3,34598.83,0.0
4122,1361,44,5,9251.21,0.0
4123,1361,21,5,2972.3,0.0
4124,1361,26,1,11112.29,0.0
4125,1361,18,1,7134.98,0.0
4126,1362,52,2,3501.14,0.0
4127,1362,74,1,2937.83,0.0
4128,1362,14,1,7521.16,0.0
4129,1363,33,4,8606.33,0.1
4130,1363,53,1,10550.89,0.0
4131,1364,59,4,6537.92,0.0
4132,1364,47,4,4179.71,0.15
4133,1364,2,5,4441.59,0.05
4134,1364,57,3,2460.95,0.0
4135,1365,23,3,4561.96,0.05
4136,1366,8,2,1138.19,0.0
4137,1366,11,5,38638.31,0.15
4138,1367,63,1,3932.48,0.0
4139,1367,22,3,14987.28,0.0
4140,1367,31,1,2127.01,0.0
4141,1368,38,1,6657.74,0.1
4142,1368,59,2,6537.92,0.0
4143,1368,9,2,24443.59,0.05
4144,1368,75,1,2753.32,0.05
4145,1368,3,1,11718.36,0.1
4146,1369,34,4,12210.05,0.1
4147,1369,70,3,4690.27,0.05
4148,1369,60,4,1661.3,0.0
4149,1369,14,5,7521.16,0.15
4150,1370,34,4,12210.05,0.05
4151,1370,7,5,6191.08,0.0
4152,1371,57,5,2460.95,0.0
4153,1371,20,2,2795.36,0.0
4154,1371,61,3,17645.56,0.15
4155,1371,19,1,14064.73,0.15
4156,1371,44,3,9251.21,0.1
4157,1372,69,2,5262.92,0.0
4158,1372,37,4,28508.66,0.0
4159,1372,33,2,8606.33,0.1
4160,1372,65,5,10926.0,0.0
4161,1373,13,1,2378.53,0.0
4162,1373,17,1,3232.18,0.0
4163,1374,59,5,6537.92,0.1
4164,1374,66,5,10173.79,0.0
4165,1374,6,1,4331.85,0.1
4166,1374,31,1,2127.01,0.1
4167,1374,45,3,7026.99,0.0
4168,1375,77,3,5389.81,0.0
4169,1375,20,5,2795.36,0.15
4170,1376,33,1,8606.33,0.1
4171,1376,46,1,26377.33,0.0
4172,1376,23,2,4561.96,0.0
4173,1376,77,4,5389.81,0.1
4174,1376,41,3,15894.59,0.0
4175,1377,72,2,34598.83,0.0
4176,1377,59,1,6537.92,0.05
4177,1378,20,4,2795.36,0.0
4178,1378,19,4,14064.73,0.05
4179,1378,15,3,8435.07,0.15
4180,1379,25,2,63155.9,0.05
4181,1379,1,3,2607.87,0.05
4182,1379,70,4,4690.27,0.0
4183,1379,26,3,11112.29,0.15
4184,1380,64,1,2352.46,0.05
4185,1380,66,4,10173.79,0.0
4186,1380,77,2,5389.81,0.0
4187,1380,75,3,2753.32,0.15
4188,1380,43,4,118478.99,0.15
4189,1381,10,2,45504.23,0.1
4190,1381,79,4,20027.21,0.05
4191,1381,41,5,15894.59,0.0
4192,1382,55,3,5245.76,0.1
4193,1382,27,2,9025.55,0.05
4194,1382,21,2,2972.3,0.1
4195,1382,77,4,5389.81,0.1
4196,1383,22,5,14987.28,0.0
4197,1383,21,1,2972.3,0.1
4198,1383,46,1,26377.33,0.1
4199,1384,70,5,4690.27,0.0
4200,1384,11,1,38638.31,0.05
4201,1384,19,5,14064.73,0.0
4202,1385,76,1,4154.57,0.0
4203,1385,37,3,28508.66,0.1
4204,1386,6,5,4331.85,0.05
4205,1386,20,3,2795.36,0.15
4206,1387,30,2,2600.54,0.1
4207,1387,56,2,1713.49,0.15
4208,1387,32,3,4184.77,0.0
4209,1387,60,1,1661.3,0.1
4210,1388,10,5,45504.23,0.0
4211,1388,43,5,118478.99,0.05
4212,1388,34,1,12210.05,0.0
4213,1388,80,2,14416.0,0.0
4214,1389,69,1,5262.92,0.05
4215,1389,6,5,4331.85,0.15
4216,1390,21,1,2972.3,0.0
4217,1390,9,2,24443.59,0.0
4218,1391,10,3,45504.23,0.15
4219,1391,48,1,7491.22,0.05
4220,1392,20,4,2795.36,0.1
4221,1392,56,3,1713.49,0.0
4222,1392,70,1,4690.27,0.15
4223,1392,54,1,7273.55,0.15
4224,1392,69,3,5262.92,0.05
4225,1393,69,1,5262.92,0.0
4226,1393,8,4,1138.19,0.0
4227,1393,50,5,10649.28,0.15
4228,1393,40,4,15862.71,0.1
4229,1393,18,5,7134.98,0.1
4230,1394,41,3,15894.59,
4231,1394,67,4,48132.16,0.05
4232,1395,40,2,15862.71,0.0
4233,1395,16,3,83163.25,0.0
4234,1395,77,1,5389.81,0.15
4235,1395,56,2,1713.49,0.1
4236,1396,23,2,4561.96,0.0
4237,1396,10,1,45504.23,0.05
4238,1397,6,3,4331.85,0.0
4239,1398,33,4,8606.33,0.15
4240,1398,69,5,5262.92,0.0
4241,1398,28,1,26363.69,0.1
4242,1398,15,5,8435.07,0.1
4243,1398,37,2,28508.66,0.1
4244,1399,79,1,20027.21,0.0
4245,1399,77,5,5389.81,0.0
4246,1399,36,1,1623.44,0.15
4247,1399,74,1,2937.83,0.0
4248,1399,68,2,16395.12,0.1
4249,1400,53,1,10550.89,0.0
4250,1400,3,3,11718.36,0.0
4251,1400,22,2,14987.28,0.15
4252,1400,1,3,2607.87,0.0
4253,1401,51,1,21729.72,0.05
4254,1401,25,2,63155.9,0.05
4255,1401,13,2,2378.53,0.15
4256,1401,1,2,2607.87,0.15
4257,1401,42,1,10500.79,0.05
4258,1402,21,5,2972.3,0.0
4259,1402,54,1,7273.55,0.1
4260,1402,79,4,20027.21,
4261,1402,22,4,14987.28,0.0
4262,1402,73,4,9526.79,0.1
4263,1403,30,5,2600.54,0.0
4264,1403,23,5,4561.96,0.15
4265,1404,27,1,9025.55,0.15
4266,1404,28,3,26363.69,0.0
4267,1404,62,5,4112.86,0.1
4268,1404,53,2,10550.89,0.1
4269,1405,14,3,7521.16,0.0
4270,1405,32,1,4184.77,0.0
4271,1405,56,2,1713.49,0.0
4272,1405,71,5,10320.51,0.0
4273,1406,29,2,14888.01,0.0
4274,1406,78,5,6812.98,0.15
4275,1407,45,4,7026.99,0.15
4276,1407,24,1,2933.35,0.15
4277,1408,42,4,10500.79,0.1
4278,1408,3,1,11718.36,0.0
4279,1408,52,4,3501.14,
4280,1408,62,5,4112.86,0.0
4281,1409,69,5,5262.92,0.0
4282,1410,32,2,4184.77,0.1
4283,1410,10,5,45504.23,0.1
4284,1410,80,4,14416.0,0.0
4285,1411,65,4,10926.0,0.15
4286,1411,15,5,8435.07,0.0
4287,1411,46,5,26377.33,0.05
4288,1411,76,3,4154.57,0.1
4289,1412,3,4,11718.36,0.1
4290,1412,20,3,2795.36,0.1
4291,1413,50,1,10649.28,0.0
4292,1413,22,3,14987.28,0.1
4293,1413,79,2,20027.21,0.05
4294,1413,46,5,26377.33,0.15
4295,1413,74,5,2937.83,0.15
4296,1414,44,2,9251.21,0.15
4297,1414,42,3,10500.79,0.1
4298,1415,57,3,2460.95,0.0
4299,1416,78,2,6812.98,0.15
4300,1416,3,4,11718.36,0.1
4301,1416,57,5,2460.95,0.05
4302,1416,35,1,97382.34,0.1
4303,1416,61,5,17645.56,0.15
4304,1417,63,5,3932.48,0.15
4305,1417,3,4,11718.36,0.05
4306,1417,72,4,34598.83,0.05
4307,1417,1,5,2607.87,0.05
4308,1418,74,5,2937.83,0.0
4309,1418,37,5,28508.66,0.15
4310,1418,52,3,3501.14,0.0
4311,1418,36,4,1623.44,0.1
4312,1418,10,2,45504.23,0.05
4313,1419,67,5,48132.16,0.15
4314,1419,44,5,9251.21,0.0
4315,1419,27,4,9025.55,0.05
4316,1419,52,5,3501.14,0.15
4317,1420,34,3,12210.05,0.05
4318,1421,78,2,6812.98,0.15
4319,1422,2,1,4441.59,0.0
4320,1422,42,4,10500.79,0.0
4321,1422,22,4,14987.28,0.0
4322,1422,16,4,83163.25,0.1
4323,1423,71,1,10320.51,0.15
4324,1423,78,2,6812.98,0.05
4325,1423,8,5,1138.19,0.05
4326,1424,67,1,48132.16,0.15
4327,1424,14,5,7521.16,0.15
4328,1424,29,5,14888.01,0.0
4329,1425,43,4,118478.99,0.05
4330,1426,71,3,10320.51,0.0
4331,1426,31,5,2127.01,0.05
4332,1426,80,4,14416.0,0.0
4333,1426,77,1,5389.81,0.0
4334,1426,61,4,17645.56,0.05
4335,1427,7,1,6191.08,0.0
4336,1428,45,4,7026.99,0.1
4337,1429,76,5,4154.57,0.05
4338,1430,3,4,11718.36,0.05
4339,1430,46,1,26377.33,0.15
4340,1431,73,5,9526.79,0.05
4341,1431,25,4,63155.9,0.1
4342,1431,57,5,2460.95,0.0
4343,1432,62,2,4112.86,0.1
4344,1432,3,1,11718.36,0.0
4345,1432,16,1,83163.25,0.0
4346,1432,68,4,16395.12,0.05
4347,1432,61,1,17645.56,0.0
4348,1433,35,3,97382.34,0.05
4349,1433,38,2,6657.74,0.15
4350,1434,6,4,4331.85,0.15
4351,1434,51,4,21729.72,0.05
4352,1434,62,2,4112.86,0.05
4353,1434,36,1,1623.44,0.1
4354,1434,44,2,9251.21,0.0
4355,1435,42,3,10500.79,0.15
4356,1436,56,2,1713.49,0.0
4357,1436,62,2,4112.86,0.0
4358,1436,18,5,7134.98,0.0
4359,1436,41,3,15894.59,0.0
4360,1436,55,2,5245.76,0.05
4361,1437,4,4,21493.75,0.1
4362,1437,34,3,12210.05,0.15
4363,1437,64,3,2352.46,0.05
4364,1437,40,3,15862.71,0.15
4365,1438,77,3,5389.81,0.0
4366,1438,56,1,1713.49,0.0
4367,1439,29,2,14888.01,0.05
4368,1439,41,3,15894.59,0.05
4369,1439,1,2,2607.87,0.0
4370,1439,63,2,3932.48,0.15
4371,1439,11,1,38638.31,0.0
4372,1440,51,2,21729.72,0.0
4373,1440,17,1,3232.18,0.1
4374,1441,19,4,14064.73,0.0
4375,1441,60,4,1661.3,0.05
4376,1442,70,3,4690.27,0.05
4377,1442,32,5,4184.77,0.05
4378,1442,80,2,14416.0,0.0
4379,1442,45,5,7026.99,0.05
4380,1442,72,2,34598.83,0.05
4381,1443,41,4,15894.59,0.0
4382,1443,13,5,2378.53,0.05
4383,1444,48,1,7491.22,0.0
4384,1444,79,3,20027.21,0.0
4385,1444,11,5,38638.31,0.0
4386,1444,58,3,7540.1,0.05
4387,1445,12,3,11169.67,0.1
4388,1445,34,2,12210.05,0.05
4389,1445,58,2,7540.1,0.05
4390,1445,59,2,6537.92,0.05
4391,1445,40,4,15862.71,0.15
4392,1446,15,3,8435.07,0.15
4393,1446,60,3,1661.3,0.15
4394,1446,16,4,83163.25,0.0
4395,1447,38,1,6657.74,0.05
4396,1447,78,2,6812.98,0.1
4397,1447,27,5,9025.55,0.15
4398,1448,29,2,14888.01,0.0
4399,1449,28,2,26363.69,0.15
4400,1449,54,5,7273.55,0.0
4401,1449,11,4,38638.31,0.0
4402,1449,9,5,24443.59,0.1
4403,1449,26,5,11112.29,0.15
4404,1450,72,3,34598.83,0.0
4405,1450,9,4,24443.59,0.15
4406,1451,26,4,11112.29,0.0
4407,1451,2,3,4441.59,0.0
4408,1451,37,3,28508.66,0.0
4409,1451,72,1,34598.83,0.1
4410,1452,53,3,10550.89,0.0
4411,1452,42,4,10500.79,0.15
4412,1452,28,1,26363.69,0.0
4413,1453,73,2,9526.79,0.05
4414,1453,14,3,7521.16,0.1
4415,1453,46,4,26377.33,0.0
4416,1453,55,4,5245.76,0.1
4417,1453,62,4,4112.86,0.0
4418,1454,51,2,21729.72,0.1
4419,1454,76,2,4154.57,0.15
4420,1454,9,5,24443.59,0.15
4421,1454,40,3,15862.71,0.1
4422,1454,29,4,14888.01,0.05
4423,1455,7,5,6191.08,0.15
4424,1455,79,1,20027.21,0.0
4425,1455,76,1,4154.57,0.0
4426,1456,77,5,5389.81,0.0
4427,1456,71,5,10320.51,0.0
4428,1456,44,3,9251.21,0.0
4429,1456,62,1,4112.86,0.0
4430,1456,30,5,2600.54,0.15
4431,1457,67,3,48132.16,0.1
4432,1457,38,3,6657.74,0.15
4433,1457,37,5,28508.66,0.05
4434,1457,22,5,14987.28,0.15
4435,1458,75,5,2753.32,0.05
4436,1458,48,4,7491.22,0.05
4437,1458,57,5,2460.95,0.05
4438,1458,22,5,14987.28,0.0
4439,1459,15,1,8435.07,0.1
4440,1459,76,5,4154.57,0.1
4441,1459,7,5,6191.08,0.15
4442,1459,23,1,4561.96,0.0
4443,1459,19,3,14064.73,0.15
4444,1460,25,1,63155.9,0.05
4445,1460,78,5,6812.98,0.15
4446,1460,58,3,7540.1,0.05
4447,1460,11,3,38638.31,0.0
4448,1460,60,3,1661.3,0.0
4449,1461,64,5,2352.46,0.0
4450,1461,21,1,2972.3,0.0
4451,1461,67,2,48132.16,0.0
4452,1461,51,2,21729.72,0.15
4453,1462,44,5,9251.21,0.0
4454,1462,56,5,1713.49,0.1
4455,1462,69,5,5262.92,0.0
4456,1462,15,3,8435.07,0.05
4457,1462,11,5,38638.31,0.0
4458,1463,80,5,14416.0,0.0
4459,1464,57,4,2460.95,0.15
4460,1465,48,3,7491.22,0.0
4461,1466,55,1,5245.76,0.05
4462,1466,75,5,2753.32,0.15
4463,1466,27,1,9025.55,0.1
4464,1466,29,1,14888.01,0.05
4465,1466,48,2,7491.22,0.0
4466,1467,3,5,11718.36,0.0
4467,1467,16,1,83163.25,0.0
4468,1467,74,5,2937.83,0.0
4469,1467,31,5,2127.01,0.1
4470,1468,18,1,7134.98,0.0
4471,1468,41,4,15894.59,0.0
4472,1468,45,5,7026.99,0.0
4473,1469,42,1,10500.79,0.05
4474,1469,69,3,5262.92,0.0
4475,1469,13,2,2378.53,0.05
4476,1469,65,2,10926.0,0.1
4477,1469,16,2,83163.25,0.1
4478,1470,44,5,9251.21,0.1
4479,1471,49,2,10412.49,0.1
4480,1471,52,1,3501.14,0.0
4481,1472,66,5,10173.79,0.0
4482,1472,77,2,5389.81,0.05
4483,1472,52,2,3501.14,0.15
4484,1473,1,3,2607.87,0.15
4485,1474,56,3,1713.49,0.1
4486,1474,12,2,11169.67,0.0
4487,1474,47,3,4179.71,0.1
4488,1475,31,2,2127.01,0.05
4489,1475,75,3,2753.32,0.0
4490,1475,63,1,3932.48,0.1
4491,1475,73,3,9526.79,0.0
4492,1476,79,2,20027.21,0.1
4493,1476,6,4,4331.85,0.0
4494,1476,18,4,7134.98,0.0
4495,1476,66,2,10173.79,0.15
4496,1477,54,2,7273.55,0.05
4497,1477,49,2,10412.49,0.15
4498,1477,53,1,10550.89,0.1
4499,1477,1,3,2607.87,0.05
4500,1477,44,1,9251.21,0.1
4501,1478,5,1,82882.71,0.15
4502,1479,42,3,10500.79,0.1
4503,1479,27,3,9025.55,0.0
4504,1479,43,3,118478.99,0.0
4505,1479,69,1,5262.92,0.0
4506,1480,70,1,4690.27,0.05
4507,1480,1,2,2607.87,0.1
4508,1480,18,4,7134.98,0.0
4509,1480,63,4,3932.48,0.0
4510,1480,28,5,26363.69,0.0
4511,1481,34,1,12210.05,0.15
4512,1481,35,5,97382.34,0.0
4513,1481,59,5,6537.92,0.05
4514,1482,3,4,11718.36,0.15
4515,1482,74,1,2937.83,0.1
4516,1483,52,5,3501.14,0.0
4517,1483,34,2,12210.05,0.15
4518,1483,78,5,6812.98,0.05
4519,1483,1,5,2607.87,0.15
4520,1484,35,2,97382.34,0.05
4521,1484,41,5,15894.59,0.1
4522,1484,45,2,7026.99,0.1
4523,1484,15,1,8435.07,0.1
4524,1485,26,5,11112.29,0.15
4525,1485,3,1,11718.36,0.0
4526,1485,55,4,5245.76,0.05
4527,1486,26,3,11112.29,0.0
4528,1487,65,5,10926.0,0.1
4529,1487,67,4,48132.16,0.05
4530,1487,9,5,24443.59,0.0
4531,1487,64,2,2352.46,
4532,1487,27,4,9025.55,0.05
4533,1488,58,2,7540.1,0.0
4534,1488,2,5,4441.59,0.0
4535,1488,33,5,8606.33,0.0
4536,1488,13,3,2378.53,0.0
4537,1489,54,4,7273.55,0.0
4538,1489,3,3,11718.36,0.05
4539,1489,24,2,2933.35,0.0
4540,1489,70,3,4690.27,0.0
4541,1489,17,2,3232.18,0.0
4542,1490,79,1,20027.21,0.05
4543,1491,60,3,1661.3,0.0
4544,1491,18,1,7134.98,0.0
4545,1491,1,4,2607.87,0.15
4546,1491,35,3,97382.34,0.0
4547,1492,28,5,26363.69,0.0
4548,1492,21,1,2972.3,0.15
4549,1492,35,4,97382.34,0.15
4550,1492,48,3,7491.22,0.0
4551,1492,31,2,2127.01,0.0
4552,1493,70,5,4690.27,0.15
4553,1493,60,4,1661.3,0.0
4554,1493,4,4,21493.75,0.05
4555,1494,53,1,10550.89,0.1
4556,1494,27,3,9025.55,0.0
4557,1494,24,2,2933.35,0.05
4558,1494,23,1,4561.96,0.05
4559,1494,48,2,7491.22,0.0
4560,1495,13,1,2378.53,0.0
4561,1495,14,2,7521.16,0.05
4562,1495,69,4,5262.92,0.15
4563,1495,80,4,14416.0,0.0
4564,1496,28,2,26363.69,0.15
4565,1496,7,4,6191.08,0.1
4566,1496,61,2,17645.56,0.0
4567,1496,2,2,4441.59,0.0
4568,1497,77,3,5389.81,0.0
4569,1498,54,3,7273.55,0.0
4570,1498,18,4,7134.98,0.15
4571,1498,9,5,24443.59,0.0
4572,1498,74,1,2937.83,0.05
4573,1499,61,1,17645.56,0.0
4574,1499,78,4,6812.98,0.0
4575,1499,41,2,15894.59,0.05
4576,1499,4,5,21493.75,0.0
4577,1500,60,2,1661.3,0.15
